str_part,b,form,a
a,a,a-na,580
a,a,ma-a,370
a,a,u₂-ma-a,63
a,a,a-ta-a,59
a,a,la-a,51
a,a,a-na-ku,35
a,a,EN-a,32
a,a,a-dan-niš,28
a,a,a-di,28
a,a,a-du,24
a,a,a-ki,18
a,a,a,13
a,a,iq-ṭi₂-bi-a,13
a,a,a-a-ka,12
a,a,a-bat,11
a,a,iš-pur-a-ni,10
a,a,a-x,8
a,a,u₂-la-a,8
a,a,x-a,8
a,a,a-sa-par,7
a,a,a-ti-din,7
a,a,la-a-šu₂,7
a,a,{1}aš-šur-re-ṣu-u-a,7
a,a,{URU}ni-nu-a,7
a,a,i-ši-a-ri,6
a,a,{URU}a-di-a,6
a,a,a-lik,5
a,a,a-sa-kan,5
a,a,a-sap-ra,5
a,a,a-se-me,5
a,a,a-da-gal,4
a,a,a-sa-al,4
a,a,a-sa-ap-ra,4
a,a,a-sa-ṭar,4
a,a,a-šap-pa-ra,4
a,a,al-ka-a-ni,4
a,a,i-da-a-tu₂-u-a,4
a,a,ia-a-ši,4
a,a,{1}gid₂-gi-da-a-ni,4
a,a,UGU-hi-a,3
a,a,a-he-iš,3
a,a,a-mar,3
a,a,a-ni-nu,3
a,a,a-sa-al-šu₂,3
a,a,a-sa-kan-šu₂,3
a,a,a-sa-ʾa-al-šu₂,3
a,a,a-ta-al-ka,3
a,a,a-ta-mar,3
a,a,a-x+x,3
a,a,a-ša₂-pa-ra,3
a,a,a-ṣa-bat,3
a,a,la-a-šu,3
a,a,{1}a-mar-DINGIR,3
a,a,{1}a-ši-pa-a,3
a,a,{LU₂}mu-šar-ki-sa-a-ni,3
a,a,{URU}mil-qi-a,3
a,a,ši-a-ri,3
a,a,ṭa-a-ba,3
a,a,DUMU-{URU}ni-nu-a,2
a,a,E₂-mar-di-a-te,2
a,a,E₂.KUR-ra-a-te,2
a,a,a-UGU,2
a,a,a-bu-tu₂,2
a,a,a-da-at,2
a,a,a-da-bu-ub,2
a,a,a-da-na,2
a,a,a-de-e,2
a,a,a-du-bu-ub,2
a,a,a-ha-iš,2
a,a,a-hu-la-a,2
a,a,a-ka-ṣar,2
a,a,a-kan-ni,2
a,a,a-ke-e,2
a,a,a-na-ku-ma,2
a,a,a-nu-rig,2
a,a,a-sa-ap-rak-ku-nu,2
a,a,a-sa-ka-an,2
a,a,a-sa-pa-ra,2
a,a,a-sa-ta-par,2
a,a,a-sa-ʾa-al,2
a,a,a-ta-har,2
a,a,a-ta-x,2
a,a,a-tu-ṣi,2
a,a,a-šap-pa-raš-šu₂-nu,2
a,a,a-šap-par,2
a,a,a-ši-bu-te,2
a,a,da-a-a-la-tu₂,2
a,a,e-pa-a-še,2
a,a,hi-ṭa-a-a,2
a,a,i-da-a-te,2
a,a,i-sa-a-hi-ši,2
a,a,i-ši-a-ru-ma,2
a,a,ia-a-tu₂,2
a,a,id-da-a-te,2
a,a,in₆-ni-du-u₂-a,2
a,a,iq-bi-a,2
a,a,na-gi-a-ni,2
a,a,pal-ha-a-ka,2
a,a,ra-aṣ-pa-a-te,2
a,a,u₂-se-ṣi-a,2
a,a,x-a-ti,2
a,a,{1}HAL-a-ni-aš-šur,2
a,a,{1}a-me-ri,2
a,a,{1}a-mi-li-iʾ-ti,2
a,a,{1}a-ri-hi,2
a,a,{1}me-ta-a,2
a,a,{1}na-a-ni,2
a,a,{1}tak-lak-a-na-EN,2
a,a,{1}ur-pala-a,2
a,a,{KUR}bi-ra-a-te,2
a,a,{KUR}hal-lat-a-a,2
a,a,{KUR}ru-qa-ha-a-a,2
a,a,{LU₂}EN-pi-qit-te-ka-a,2
a,a,{LU₂}UŠ-kib-si-a-ni,2
a,a,{LU₂}ar₂-ma-a-a,2
a,a,{LU₂}ra-di-a-ni,2
a,a,{URU}a-ni-su,2
a,a,{URU}ar-ia-u-a-te,2
a,a,{URU}bir-a-te,2
a,a,{URU}u₂-pi-a,2
a,a,{ZID₂}du-pur-a-ni,2
a,a,AD-a,1
a,a,AD-u-a,1
a,a,E₂-a-ni,1
a,a,GIR₃.2-e-a,1
a,a,UGU-hi-ia-a-ni,1
a,a,a-ba-ta-qa,1
a,a,a-bi-te,1
a,a,a-bi-ti,1
a,a,a-bi-x,1
a,a,a-bu-tu,1
a,a,a-bul-li,1
a,a,a-da-an,1
a,a,a-da-kan-ni-ma,1
a,a,a-da-na-aš₂-šu₂,1
a,a,a-da-nak-ka,1
a,a,a-da-ni-iš,1
a,a,a-di-nu-u-ni,1
a,a,a-du-na-kan-ni,1
a,a,a-ga-mar,1
a,a,a-ga-mar-u-ni,1
a,a,a-gap-pi,1
a,a,a-ha-ra-aṣ-ṣa,1
a,a,a-hi,1
a,a,a-hi-iš,1
a,a,a-hi-ši,1
a,a,a-hu-u-la,1
a,a,a-hur,1
a,a,a-ka-li-šu₂,1
a,a,a-ka-ni,1
a,a,a-ka-ṣur,1
a,a,a-kar-rab-u-ni,1
a,a,a-ke,1
a,a,a-kil-tu₂,1
a,a,a-kul,1
a,a,a-kul-le-e,1
a,a,a-kul-lu-u₂,1
a,a,a-la-su-um,1
a,a,a-la-x,1
a,a,a-lak-šu-u₂,1
a,a,a-le-e,1
a,a,a-lik-u₂-ti,1
a,a,a-ma-gur₂,1
a,a,a-ma-har,1
a,a,a-ma-qu-ut,1
a,a,a-ma-ru-u₂-ni,1
a,a,a-ma-tah-u-ni,1
a,a,a-mu-ur,1
a,a,a-mur-u-ni,1
a,a,a-mur-u₂-ni,1
a,a,a-na-aš₂-ši,1
a,a,a-na-aš₂-ši-iq-u-ni,1
a,a,a-na-ga-ra,1
a,a,a-na-ka-ni,1
a,a,a-na-ku-ni,1
a,a,a-na-ku-u-ni,1
a,a,a-na-x,1
a,a,a-na-ṣar,1
a,a,a-ni-ni,1
a,a,a-ni-x,1
a,a,a-ni-ša₂,1
a,a,a-pa-qi-du-ni,1
a,a,a-pa-ta-lah₃,1
a,a,a-qa-ba-šu₂,1
a,a,a-qa-bi,1
a,a,a-qa-bu-u-ni,1
a,a,a-qa-bu-u₂-ni,1
a,a,a-qar-ri-bu-ni,1
a,a,a-ra-aš₂,1
a,a,a-ri-qa-an-ni,1
a,a,a-sa-al-šu,1
a,a,a-sa-al-šu₂-nu,1
a,a,a-sa-ap-rak-ka,1
a,a,a-sa-hu-ra,1
a,a,a-sa-hu-ra-ni,1
a,a,a-sa-kan-ku-nu,1
a,a,a-sa-pa-ar,1
a,a,a-sa-par-šu₂-nu,1
a,a,a-sa-ʾa-al-šu,1
a,a,a-sa-ṭa-ra,1
a,a,a-sap-ra-ku-nu,1
a,a,a-sap-rak-ka,1
a,a,a-ta-at-ha,1
a,a,a-ta-aš₂-ra,1
a,a,a-ta-ha-ar₂,1
a,a,a-ta-la-ka,1
a,a,a-ta-lak,1
a,a,a-ta-na-aš₂-šu₂-nu,1
a,a,a-ta-na-har-ka,1
a,a,a-ta-na-šu₂,1
a,a,a-ta-sa-ha,1
a,a,a-ta-šar,1
a,a,a-taš-ra,1
a,a,a-ti-ši,1
a,a,a-za-zu-u-ni,1
a,a,a-šak-kan,1
a,a,a-šap-pa-ar,1
a,a,a-ša₂-kan,1
a,a,a-ša₂-pa-ar,1
a,a,a-ša₂-pa-ra-ka,1
a,a,a-ši-bu-tu₂,1
a,a,a-ši-ia-ṭa,1
a,a,a-šir-ta-šu₂-nu,1
a,a,a-šur-u₂-ša₂-nu-ni,1
a,a,a-ṣa-ba-su,1
a,a,a-ṣap-pi,1
a,a,an-na-a-ti,1
a,a,at-a,1
a,a,ba-a-di,1
a,a,be-li₂-a,1
a,a,be₂-ta-a-ti-šu₂-nu,1
a,a,da-a-na,1
a,a,du-a-ki,1
a,a,e-pa-a-ša₂,1
a,a,e-pa-a-ši,1
a,a,e-ta-mar-na-a-ši,1
a,a,ep-ša₂-a-ni,1
a,a,gul-la-a-te,1
a,a,hi-ṭa-a-te,1
a,a,hu-uṣ-ṣa-a-ti,1
a,a,i-da-nu-ši-na-a-ni,1
a,a,i-dak-ki-a,1
a,a,i-du-ka-a-ni,1
a,a,i-qi₂-bi-a,1
a,a,i-sa-kan-a-ni,1
a,a,i-se-e-a,1
a,a,i-ša₂-a-tu₂,1
a,a,id-du-u₂-a,1
a,a,ik-ta-al-a-ni,1
a,a,im-qu-ta-a-ni,1
a,a,iq-ṭi₂-ba-ka-a,1
a,a,ir-tu₂-a-ba,1
a,a,is-sap-ru-nik-ka-a,1
a,a,is-se-e-a,1
a,a,it-tu-ṣi-a,1
a,a,iš-ni-a,1
a,a,iš-ši-a,1
a,a,ka-ru-a-ni,1
a,a,ka-ru-a-ni-ia,1
a,a,kal-zi-a-ma,1
a,a,kar-ma-a-ni,1
a,a,la-a-aš₂-šu₂,1
a,a,la-a-di-na-šu₂,1
a,a,la-a-din,1
a,a,la-a-šu-u,1
a,a,le-ʾa-a-ni,1
a,a,li-is-si-a,1
a,a,lu-še-ṣi-a,1
a,a,ma-a-da,1
a,a,ma-a-du,1
a,a,ma-a-ti,1
a,a,ma-a-x+x,1
a,a,ma-a-zu-uʾ,1
a,a,ma-da-a-di,1
a,a,ma-ṣar-a-te,1
a,a,mah-ṣa-a-ni,1
a,a,mar-di-a-te,1
a,a,mi-ih-ri-ka-a,1
a,a,mi₃-il-ʾa-a-ni,1
a,a,mu-a-ti,1
a,a,mu-qa-a-ni,1
a,a,na-a-ri,1
a,a,na-a-ṣa,1
a,a,na-hal-a-te,1
a,a,na-ṣa-a-ni,1
a,a,nak-sa-a-te,1
a,a,ni-a-ri,1
a,a,ni-lik-a-ni,1
a,a,ni-na-ši-a,1
a,a,pa-da-ka-a-ti-šu₂-nu,1
a,a,pi-qa-a-ti,1
a,a,pi-tu-a-te,1
a,a,qa-a-lu,1
a,a,qa-a-ni,1
a,a,qa-la-a-ka,1
a,a,qa-ta-a-šu₂,1
a,a,ra-me-a,1
a,a,ra-qa-a-ka,1
a,a,ta-lak-a-ni,1
a,a,ta-paq-qi-da-a-ni,1
a,a,ta-ra-a-mu-šu-u-ni,1
a,a,ta-šam-a-ni-šu₂,1
a,a,ta-ʾu-u₂-ma-a-te,1
a,a,tal-lak-a-ni,1
a,a,ti-la-a-ni,1
a,a,ti-ma-a-li,1
a,a,ti-tur-ra-a-te,1
a,a,ur-a-bi,1
a,a,us-se-bi-lu-nik-ka-a,1
a,a,uṣ-ṣa-a,1
a,a,u₂-ba-a-li,1
a,a,u₂-ra-a-mu-an-ni-i,1
a,a,u₂-sa-ne₂-taq-a-ni,1
a,a,u₂-se-li-a,1
a,a,u₂-tur-a,1
a,a,u₂-šag-la-na-a-ši,1
a,a,u₂-ṣa-a,1
a,a,u₂-ṣa-a-šu₂,1
a,a,u₂-ṣi-a,1
a,a,u₂-ṭa-a-bu,1
a,a,x+x-a-te,1
a,a,x-a-ni,1
a,a,x-a-ri,1
a,a,x-u-a,1
a,a,{1}DINGIR-KA-a-PAB,1
a,a,{1}EN-de-ni-a-mur,1
a,a,{1}LUGAL-IGI.LAL-a-ni,1
a,a,{1}LUGAL-lu-da-a-ri,1
a,a,{1}SAG.DU-a-nu,1
a,a,{1}a-ba-tu₂,1
a,a,{1}a-mi-ri,1
a,a,{1}a-ri-e,1
a,a,{1}a-x+x,1
a,a,{1}a-ša₂-pi,1
a,a,{1}ap-pa-a,1
a,a,{1}ba-hi-a-ni,1
a,a,{1}ba-hi-a-nu,1
a,a,{1}da-da-a,1
a,a,{1}da-na-a,1
a,a,{1}e-pa-a,1
a,a,{1}gab-bi-a-mur,1
a,a,{1}gid₂-gi-da-a-nu,1
a,a,{1}ina-IM-EN-a-lak,1
a,a,{1}ki-na-a,1
a,a,{1}ku-na-a,1
a,a,{1}ku-za-a,1
a,a,{1}na-ga-a,1
a,a,{1}ra-ah-di-a-ba,1
a,a,{1}rem₂-a-ni-{d}x,1
a,a,{1}zab-bu-u-a,1
a,a,{1}{d}AMAR.UTU-rem₂-a-ni,1
a,a,{ANŠE}a-na-qa-te,1
a,a,{ANŠE}a-ṣa-pu,1
a,a,{E₂}a-ki-ti,1
a,a,{GIŠ}pi-sa-na-a-te,1
a,a,{ID₂}ma-li-a-su-u₂,1
a,a,{KUR}a-x+x,1
a,a,{KUR}ha-mar-a-na-a.a,1
a,a,{KUR}hu-bu-uš-ki-a,1
a,a,{KUR}il-la-ba-a-ni,1
a,a,{KUR}ma-a-tu₂,1
a,a,{KUR}u₂-a-za-un,1
a,a,{LU₂}ERIM-MEŠ-a,1
a,a,{LU₂}ha-za-a-ni,1
a,a,{LU₂}i-tu₂-ʾa-a.a-e-a,1
a,a,{LU₂}kal-li-a-ni,1
a,a,{LU₂}um-ma-a-ni,1
a,a,{LU₂}ša₂-BAD-HAL-a-te,1
a,a,{LU₂}ša₂-UGU-E₂-a-ni,1
a,a,{NA₄}a-ba-na-ti,1
a,a,{TUG₂}maš-kan-a-ti-šu₂-nu,1
a,a,{URU}E₂-{1}u₂-ka-a-ni,1
a,a,{URU}a-ri-di,1
a,a,{URU}a-tu₂-na-a.a,1
a,a,{URU}ar-za-bi-a,1
a,a,{URU}bi-ra-a-te,1
a,a,{URU}la-ap-si-a,1
a,a,{URU}rab-la-a,1
a,a,{URU}sa-za-na-a,1
a,a,{URU}tas-ti-a-te,1
a,a,{URU}u₂-a-si,1
a,a,ša₂-a-šu₂,1
a,a,še-a-ri,1
a,a,še-ṣi-a,1
a,a,ši-na-a-ma,1
a,a,šup-ra-a-ni,1
ar,ar,{LU₂}ar-ba-a.a,6
ar,ar,{1}ki-la-ar,2
ar,ar,{KUR}ar-pa-a.a,2
ar,ar,{KUR}ar-za-bi-i-a.a,2
ar,ar,{URU}ar-gi-te,2
ar,ar,{URU}ar-ia-u-a-te,2
ar,ar,a-sa-pa-ar,1
ar,ar,a-šap-pa-ar,1
ar,ar,a-ša₂-pa-ar,1
ar,ar,ak-ta-ra-ar,1
ar,ar,ar-hi-iš,1
ar,ar,ar-hiš,1
ar,ar,ar-ku,1
ar,ar,i-tu-ar,1
ar,ar,it-tu-ar,1
ar,ar,ka-ar-ru,1
ar,ar,ni-ib-ti-ar,1
ar,ar,ni-šap-pa-ar,1
ar,ar,tak-ta-ra-ar-šu₂,1
ar,ar,tu-ta-ar-šu₂-nu,1
ar,ar,u₂-sa-ar-ki-pi,1
ar,ar,x-ta-ar-da,1
ar,ar,{1}ar-ie-e,1
ar,ar,{URU}ar-pad-da,1
ar,ar,{URU}ar-pad-da-a.a,1
ar,ar,{URU}ar-pad-du,1
ar,ar,{URU}ar-za-bi-a,1
ar,ar,{URU}x-x-ar-da,1
ar,ar₂,ar₂-hiš,9
ar,ar₂,{URU}ar₂-pad-da,2
ar,ar₂,a-ta-ha-ar₂,1
ar,ar₂,ak-ta-ra-ar₂-ši,1
ar,ar₂,ar₂-x,1
ar,ar₂,ni-ih-ta-ar₂-ṣa,1
ar,ar₂,u₂-na-ka-ar₂-u-ni,1
ar,ar₂,{1}ar₂-ba-a.a,1
ar,ar₂,{KUR}ar₂-pa-a.a,1
ar,ar₂,{LU₂}ar₂-ma-a-a,1
aš,aš,aš-šur,29
aš,aš,KUR-aš-šur{KI},23
aš,aš,{1}DUG₃-IM-aš-šur,13
aš,aš,KUR-aš-šur,12
aš,aš,E₂-aš-šur,10
aš,aš,{1}aš-šur-ba-ni,8
aš,aš,{1}aš-šur-re-ṣu-u-a,7
aš,aš,{1}ki-ṣir-aš-šur,7
aš,aš,{1}GIR₃.2-aš-šur,5
aš,aš,{1}HAL-ni-aš-šur,3
aš,aš,{1}aš-šur-MAN-PAB,3
aš,aš,KA₂-aš-šur,2
aš,aš,{1}DUG₃.GA-IM-aš-šur,2
aš,aš,{1}HAL-a-ni-aš-šur,2
aš,aš,{1}IGI-aš-šur-la-mur,2
aš,aš,{1}aš-šur-MU-ki-in,2
aš,aš,{1}man-nu-ki-aš-šur,2
aš,aš,{KUR}aš-šur-a.a,2
aš,aš,{d}aš-šur,2
aš,aš,URU-aš-šur,1
aš,aš,aš-šur-UR.MAH-MEŠ,1
aš,aš,x-aš-šur,1
aš,aš,{1}DUG₃.GA-IM-{d}aš-šur,1
aš,aš,{1}aš-šur-DINGIR-a.a,1
aš,aš,{1}aš-šur-EN-LAL,1
aš,aš,{1}aš-šur-I,1
aš,aš,{1}aš-šur-KAM-eš,1
aš,aš,{1}aš-šur-MAN-DU₃,1
aš,aš,{1}aš-šur-MAŠ,1
aš,aš,{1}aš-šur-MU-GIN,1
aš,aš,{1}aš-šur-MU-GIN-in,1
aš,aš,{1}aš-šur-SAG-i-ši,1
aš,aš,{1}aš-šur-SUM-PAB-MEŠ,1
aš,aš,{1}aš-šur-TEŠ₂-UN-MEŠ,1
aš,aš,{1}aš-šur-TEŠ₂-UN-MEŠ-ma,1
aš,aš,{1}aš-šur-x,1
aš,aš₂,i-ba-aš₂-ši,11
aš,aš₂,la-aš₂-šu₂,11
aš,aš₂,ne₂-pa-aš₂,6
aš,aš₂,e-pa-aš₂,4
aš,aš₂,la-aš₂-šu,4
aš,aš₂,aš₂-pur-an-ni,3
aš,aš₂,e-tap-aš₂,3
aš,aš₂,aš₂-mu-ni,2
aš,aš₂,e-ta-pa-aš₂,2
aš,aš₂,i-ba-aš₂-ši-i,2
aš,aš₂,a-da-na-aš₂-šu₂,1
aš,aš₂,a-na-aš₂-ši,1
aš,aš₂,a-na-aš₂-ši-iq-u-ni,1
aš,aš₂,a-ra-aš₂,1
aš,aš₂,a-ta-aš₂-ra,1
aš,aš₂,a-ta-na-aš₂-šu₂-nu,1
aš,aš₂,aq-ba-aš₂-šu-ni,1
aš,aš₂,aq-ṭi-ba-aš₂-šu,1
aš,aš₂,aq-ṭi₂-ba-aš₂-šu₂,1
aš,aš₂,aš₂,1
aš,aš₂,aš₂-am-me,1
aš,aš₂,aš₂-pu-ra,1
aš,aš₂,aš₂-pu-rak-kan-ni,1
aš,aš₂,aš₂-ši,1
aš,aš₂,di-na-aš₂-šu₂,1
aš,aš₂,di-na-aš₂-šu₂-nu,1
aš,aš₂,e-pa-aš₂-u-ni,1
aš,aš₂,i-ba-aš₂-šu₂-u-ni,1
aš,aš₂,i-na-aš₂-ši,1
aš,aš₂,it-te-pa-aš₂,1
aš,aš₂,la-a-aš₂-šu₂,1
aš,aš₂,la-aš₂-hu-ra,1
aš,aš₂,la-aš₂-ku-nu,1
aš,aš₂,la-aš₂-kun-šu₂,1
aš,aš₂,la-aš₂-pur,1
aš,aš₂,la-aš₂-x,1
aš,aš₂,la-aš₂-šu₂-u-ni,1
aš,aš₂,li-di-na-aš₂-šu₂-nu,1
aš,aš₂,li-in-tu-ha-aš₂-šu₂,1
aš,aš₂,lu-u-na-aš₂-šiq,1
aš,aš₂,lu-ša₂-aš₂-me,1
aš,aš₂,lu-še-bi-la-aš₂-šu₂-u₂,1
aš,aš₂,na-ṣa-aš₂-šu₂-nu,1
aš,aš₂,ne₂-e-pa-aš₂,1
aš,aš₂,ne₂-ta-pa-aš₂,1
aš,aš₂,nu-u₂-na-aš₂-šiq,1
aš,aš₂,nu-ša₂-aš₂-kin₂-u-ni,1
aš,aš₂,qi-ba-aš₂-šu₂,1
aš,aš₂,ra-aš₂-ši,1
aš,aš₂,ta-aš₂-ši,1
aš,aš₂,ta-na-aš₂-ši,1
aš,aš₂,taq-ba-aš₂-šu,1
aš,aš₂,tu-lab-ba-aš₂,1
aš,aš₂,tu-up-pa-aš₂,1
aš,aš₂,tu-ša₂-aš₂-kan-šu₂-nu,1
aš,aš₂,tu₂-pa-aš₂,1
aš,aš₂,ub-ba-la-aš₂-šu₂-nu,1
aš,aš₂,us-se-bi-la-aš₂-šu,1
aš,aš₂,u₂-ša-aš₂-mu-u,1
aš,aš₂,u₂-ša₂-aš₂-kan-šu₂-nu,1
aš,aš₂,x-aš₂-u-ni,1
aš,aš₂,ša₂-aš₂-me,1
aš,aš₂,še-bi-la-aš₂-šu₂,1
aš,aš₂,šup-ra-aš₂-šu₂,1
a,a₂,{E₂}a₂-ki-it,1
be,be,be-li₂,128
be,be,be-li₂-ia,48
be,be,be-li₂-ia₂,31
be,be,be-li,6
be,be,be-li₂-ni,3
be,be,be-li₂-šu₂,2
be,be,be-li₂-a,1
be,be,be-li₂-šu₂-nu,1
be,be₂,be₂-et,11
be,be₂,be₂-da-ni,1
be,be₂,be₂-ta-a-ti-šu₂-nu,1
be,be₂,li-be₂-e-ru,1
be,be₂,{1}aš-šur-be₂-sun₂,1
be,be₂,{1}hum-be₂-e,1
be,be₂,{1}{d}sa-am-nu-hu-be₂-su-nu,1
bil,bil,lu-še-bil-u₂-ni,1
bil,bil,tu-še-bil-an-ni,1
bil,bil₂,at-tu-bil₂,1
bil,bil₂,lu-še-bil₂-šu₂,1
bil,bil₂,tu-se-bil₂,1
bil,bil₂,še-bil₂,1
da,da,u₂-da,16
da,da,i-da-at,8
da,da,ma-da-tu₂,6
da,da,ma-aʾ-da,5
da,da,a-da-gal,4
da,da,da,4
da,da,i-da-te,4
da,da,id-da-a-ti,4
da,da,ni-šad-da-da,4
da,da,{1}gid₂-gi-da-a-ni,4
da,da,{LU₂}GAL-da-a.a-li,4
da,da,i-da-bu-ub,3
da,da,i-da-na,3
da,da,ma-da-te,3
da,da,ta-da-bu-ub,3
da,da,{URU}hi-in-da-na,3
da,da,a-da-at,2
da,da,a-da-bu-ub,2
da,da,a-da-na,2
da,da,i-da-a-te,2
da,da,i-da-a-tu₂-u-a,2
da,da,i-da-ab-bu-ub,2
da,da,i-da-an,2
da,da,i-da-bu-bu-ni,2
da,da,i-da-bu-ub-u-ni,2
da,da,i-da-tu-šu,2
da,da,i-da-tu₂-uš-šu,2
da,da,id-da-a-te,2
da,da,la-da-na,2
da,da,ma-da-at-tu₂,2
da,da,ni-in-ta-da-da,2
da,da,ta-da-ni,2
da,da,ug-da-da-mar-u-ni,2
da,da,u₂-se-ri-da,2
da,da,{1}da-da-a,2
da,da,{KUR}sa-du-da-a.a,2
da,da,{LU₂}GAL-da-a.a-li-ia,2
da,da,{URU}ar₂-pad-da,2
da,da,a-da-an,1
da,da,a-da-kan-ni-ma,1
da,da,a-da-na-aš₂-šu₂,1
da,da,a-da-nak-ka,1
da,da,a-da-ni-iš,1
da,da,ad-da-bu-ub-u₂-ni,1
da,da,ad-da-na-kan-ni,1
da,da,ad-da-nak-ka,1
da,da,ak-ta-ša₂-da,1
da,da,be₂-da-ni,1
da,da,da-a-a-la-tu₂,1
da,da,da-a-na,1
da,da,da-ak-ki-šu₂-nu,1
da,da,da-at-ti,1
da,da,da-ba-bu,1
da,da,da-ki,1
da,da,da-la-hu,1
da,da,da-mu-qi,1
da,da,da-ʾa-tu₂,1
da,da,e-mi₃-da-an-ni-i-ni,1
da,da,har-da-ni,1
da,da,hi-ir-da,1
da,da,i-da-gal,1
da,da,i-da-nu-na-ši,1
da,da,i-da-nu-ni,1
da,da,i-da-nu-ni-ša₂-nu-u₂,1
da,da,i-da-nu-u-ni,1
da,da,i-da-nu-ši-na-a-ni,1
da,da,ik-šu-da,1
da,da,liš-da-du-u-ni,1
da,da,lu-u-da,1
da,da,lu-še-ri-da,1
da,da,ma-a-da,1
da,da,ma-da-a-di,1
da,da,ma-da-na-te-šu₂-nu,1
da,da,ma-da-tu₂-šu₂-nu,1
da,da,mi-da-as-su,1
da,da,na-ma-da-a-ti,1
da,da,ni-da-bu-ub,1
da,da,ni-da-na,1
da,da,nu-ug-da-mir,1
da,da,nu-um-ma-da,1
da,da,pa-aq-da-ku,1
da,da,pa-da-ka-a-ti-šu₂-nu,1
da,da,pa-da-ka-te,1
da,da,pa-da-ku,1
da,da,ta-ad-da-nu-ni,1
da,da,ta-da-an,1
da,da,ta-da-šu-nu,1
da,da,ta-paq-qi-da-a-ni,1
da,da,tu-ug-da-mir-u-ni,1
da,da,tu-u₂-da,1
da,da,tu₂-še-ra-da,1
da,da,ug-da-ad-me-ru,1
da,da,ug-da-da-mar,1
da,da,ug-da-me-ru,1
da,da,ug-da-mir,1
da,da,u₂-da-ia,1
da,da,u₂-da-mu-qu,1
da,da,x+x-da-mur,1
da,da,x-da,1
da,da,x-ta-ar-da,1
da,da,{1}LUGAL-lu-da-a-ri,1
da,da,{1}aš-šur-da-lal,1
da,da,{1}da-di-su-ri,1
da,da,{1}da-na-a,1
da,da,{1}sa-an-da-pi-i,1
da,da,{1}x-da-la,1
da,da,{KUR}ia-u₂-da-a.a,1
da,da,{KUR}mu-da-bir,1
da,da,{LU₂}ma-di-da-ni-šu₂,1
da,da,{UDU}da-ri-u₂,1
da,da,{URU}ar-pad-da,1
da,da,{URU}ar-pad-da-a.a,1
da,da,{URU}is-tu-an-da-a.a,1
da,da,{URU}lu-ub-da,1
da,da,{URU}x-x-ar-da,1
da,da,{URU}ŠE-{1}am-da-nu,1
daq,daq,šad-daq-diš,1
daq,daq₃,šad-daq₃-diš,1
da,da₃,da₃-ri-e,1
da,da₃,{1}MAN-lu-da₃-ri,1
du,du,a-du,25
du,du,in₆-ni-du-u₂-a,4
du,du,a-du-bu-ub,2
du,du,du-ub-ba,2
du,du,i-du-ka-an-ni,2
du,du,i-du-nu,2
du,du,i-ha-ri-du,2
du,du,li-iš-du-du-u-ni,2
du,du,lu-ma-di-du,2
du,du,ni-du-ka,2
du,du,ni-iš-du-du-ni,2
du,du,x-du,2
du,du,{1}du-gul-IGI-DINGIR,2
du,du,{1}mar-du-u,2
du,du,{KUR}lab-du-du,2
du,du,{ZID₂}du-pur-a-ni,2
du,du,a-du-na-kan-ni,1
du,du,a-pa-qi-du-ni,1
du,du,du,1
du,du,du-a-ki,1
du,du,du-ub-bu,1
du,du,du-ul-lu,1
du,du,du-un-qi-ia-ma,1
du,du,du-u₂-lu,1
du,du,du-x,1
du,du,e-du-ma-nu,1
du,du,e-ta-ṣa-du,1
du,du,e-ṣa-du,1
du,du,har-du-u₂-te,1
du,du,i-du-bu-bu,1
du,du,i-du-ka,1
du,du,i-du-ka-a-ni,1
du,du,i-du-kan-ni,1
du,du,i-du-la,1
du,du,i-du-lu,1
du,du,i-du-u-lu,1
du,du,i-tu₂-ur-du-u-ni,1
du,du,id-du-ak-šu₂,1
du,du,id-du-ku,1
du,du,id-du-nu,1
du,du,id-du-u₂-a,1
du,du,ig-du-ru,1
du,du,ih-tar-du-u-ni,1
du,du,ih-tu-du,1
du,du,ip-taq-du,1
du,du,ip-taq-du-ni,1
du,du,li-du-ku-šu₂,1
du,du,lip-qi-du,1
du,du,lip-qi₂-du,1
du,du,liš-da-du-ni,1
du,du,liš-da-du-u-ni,1
du,du,lu-me-du,1
du,du,lu-ri-du-u-ne₂-e,1
du,du,lu-ri-du-u-ni,1
du,du,lu-u₂-du-u₂,1
du,du,ma-a-du,1
du,du,ma-aʾ-du,1
du,du,ma-aʾ-du-u-te,1
du,du,ni-du-bu-ku,1
du,du,ni-ik-šu-du,1
du,du,pa-aq-du,1
du,du,pa-qu-du,1
du,du,paq-du,1
du,du,ta-du-ka-ni,1
du,du,uk-ta-šid-du-u₂-šu₂,1
du,du,us-se-ri-du-ni-eš-šu,1
du,du,u₂-ba-qi-du-ni,1
du,du,u₂-du,1
du,du,u₂-du-ni,1
du,du,u₂-šak-ša₂-du-ni,1
du,du,x+x-du,1
du,du,x-i-du,1
du,du,{1}du-x,1
du,du,{KUR}ha-mu-du,1
du,du,{KUR}ia-u₂-du-a.a,1
du,du,{KUR}sa-du-da-a.a,1
du,du,{KUR}u₂-du-mu-a.a,1
du,du,{LU₂}ur-du-u₂,1
du,du,{URU}ar-pad-du,1
du,du,{URU}ṣi-du-na-a.a,1
du,du₆,du₆-lu,7
du,du₆,du₆-li,4
du,du₆,du₆-li-ni,2
du,du₆,du₆-la-ka,1
du,du₆,du₆-la-ti,1
du,du₆,du₆-lu-šu₂,1
gir,gir,e-gir-te,2
gir,gir,e-gir-tu₂,2
gir,gir,{LU₂}NAGAR-mu-gir,2
gir,gir₂,e-gir₂-tu₂,13
gir,gir₂,e-gir₂-te,2
gir,gir₂,te-gir₂-tu₂,2
gir,gir₂,e-gir₂-tu₂-šu₂,1
gir,gir₂,gir₂-x,1
gir,gir₂,un-ta-gir₂,1
gur,gur,{URU}šu₂-gur-a.a,1
gur,gur₂,i-ma-gur₂,4
gur,gur₂,i-ma-gur₂-ru,2
gur,gur₂,im-ma-gur₂,2
gur,gur₂,le-ma-gur₂-ru,2
gur,gur₂,a-ma-gur₂,1
gur,gur₂,{1}gur₂-di-i,1
i,i,ki-i,61
i,i,i-tal-ka,18
i,i,i-ba-ši,16
i,i,i-na,15
i,i,i-x,15
i,i,i-su-ri,14
i,i,i-ba-aš₂-ši,13
i,i,i-si-šu₂-nu,12
i,i,i-qa-bi,11
i,i,mi-i-nu,11
i,i,an-ni-i,9
i,i,i-da-at,8
i,i,i-ši-a-ri,8
i,i,i-qa-bu-u-ni,7
i,i,i-qab-bi,6
i,i,i-se-niš,6
i,i,i-ṣa,6
i,i,ši-i,6
i,i,i-ba-aš₂-ši-i,5
i,i,i-li-ku-ni,5
i,i,i-ma-gur₂,5
i,i,i-sa-ap-ra,5
i,i,pi-i,5
i,i,i-bi-su,4
i,i,i-da-te,4
i,i,i-qab-bu-u-ni,4
i,i,i-se-e-šu₂,4
i,i,i-tal-ku-ni,4
i,i,i-ši,4
i,i,mi-i-ni,4
i,i,u₂-di-i-ni,4
i,i,i,3
i,i,i-da-bu-ub,3
i,i,i-da-na,3
i,i,i-ha-bu-tu₂,3
i,i,i-sa-par,3
i,i,i-sa-par-u-ni,3
i,i,i-si-ka,3
i,i,i-si-ni,3
i,i,i-si-šu₂,3
i,i,i-ti-iz,3
i,i,i-ti-ši,3
i,i,x-i,3
i,i,{1}DUG₃.GA-i,3
i,i,E₂-02-i,2
i,i,E₂-mu-sa-i-te,2
i,i,di-i-ni,2
i,i,ha-an-ni-i,2
i,i,i-DI-me,2
i,i,i-bat-tu-qu,2
i,i,i-da-a-te,2
i,i,i-da-a-tu₂-u-a,2
i,i,i-da-ab-bu-ub,2
i,i,i-da-an,2
i,i,i-da-bu-bu-ni,2
i,i,i-da-bu-ub-u-ni,2
i,i,i-da-tu₂-uš-šu,2
i,i,i-di-na-an-ni,2
i,i,i-di-nu,2
i,i,i-du-ka-an-ni,2
i,i,i-du-nu,2
i,i,i-ha-ri-du,2
i,i,i-ka-ṣur,2
i,i,i-la-ku-u-ni,2
i,i,i-ma-gur₂-ru,2
i,i,i-mah-har,2
i,i,i-me-ru,2
i,i,i-na-ki-su,2
i,i,i-na-ši,2
i,i,i-na-ṣur,2
i,i,i-qa-bu-ni,2
i,i,i-qa-bu-ni-šu₂,2
i,i,i-qab-bu-ni,2
i,i,i-sa-ka-nu,2
i,i,i-sa-x,2
i,i,i-si-ku-nu,2
i,i,i-si-šu-nu,2
i,i,i-su-hur,2
i,i,i-ta-lak,2
i,i,i-ta-na,2
i,i,i-ti-din,2
i,i,i-ti-ma-li,2
i,i,i-za-bi-lu,2
i,i,i-za-zu,2
i,i,i-ši-a-ru-ma,2
i,i,mi₃-i-ni,2
i,i,mi₃-i-nu,2
i,i,pi-i-šu₂,2
i,i,x-i-ni,2
i,i,{1}GIN-i,2
i,i,{1}hu-un-ni-i,2
i,i,{KUR}ar-za-bi-i-a.a,2
i,i,{KUR}i-tu₂-ʾa-a.a,2
i,i,{URU}i-sa-na,2
i,i,EN-i-ni,1
i,i,a.a-i,1
i,i,di-i-na,1
i,i,e-mi₃-da-an-ni-i-ni,1
i,i,i-ba-aš₂-šu₂-u-ni,1
i,i,i-ba-ta-qa,1
i,i,i-bal-ku-tu,1
i,i,i-bat-taq-u-ni,1
i,i,i-da-gal,1
i,i,i-da-na-ka,1
i,i,i-da-nu-na-ši,1
i,i,i-da-nu-ni,1
i,i,i-da-nu-ni-ša₂-nu-u₂,1
i,i,i-da-nu-ši-na-a-ni,1
i,i,i-dak-ki-a,1
i,i,i-di-iʾ-nu-u-ni,1
i,i,i-di-mi-iq,1
i,i,i-di-na-na-ši,1
i,i,i-di-nu-ni,1
i,i,i-din,1
i,i,i-du-bu-bu,1
i,i,i-du-ka,1
i,i,i-du-ka-a-ni,1
i,i,i-du-kan-ni,1
i,i,i-du-la,1
i,i,i-du-lu,1
i,i,i-du-u-lu,1
i,i,i-duk-kan-ni,1
i,i,i-hab-bat,1
i,i,i-hab-bu-tu₂,1
i,i,i-hu-ra-an-ni,1
i,i,i-hu-ur,1
i,i,i-hu-ur-u₂-ni,1
i,i,i-ka-pu-ru,1
i,i,i-ka-šir,1
i,i,i-kar-ru-ru,1
i,i,i-la-as-su-mu,1
i,i,i-la-as-su-mu-u-ni,1
i,i,i-la-bu-ni,1
i,i,i-la-x,1
i,i,i-la-ʾu-u₂-ni,1
i,i,i-lab-bu-ni,1
i,i,i-lak,1
i,i,i-lak-ka,1
i,i,i-li-ku-u₂-ni,1
i,i,i-ma-gu-ru,1
i,i,i-ma-ha-ru-šu-nu,1
i,i,i-ma-hu-ru,1
i,i,i-ma-qa-tu-u₂-ni,1
i,i,i-ma-qut,1
i,i,i-ma-ta-hu-ne₂-e,1
i,i,i-ma-tah-ʾu-ni,1
i,i,i-ma-tu₂-hu,1
i,i,i-ma-ṭi,1
i,i,i-mal-la,1
i,i,i-man-nu-ku-nu,1
i,i,i-mar-ku-ni,1
i,i,i-mat-ta-hu-u-ni,1
i,i,i-mut-tu-u₂,1
i,i,i-mut-tu₂,1
i,i,i-na-ap-pa-ah,1
i,i,i-na-aš₂-ši,1
i,i,i-na-sah-u-ni,1
i,i,i-na-su-hu,1
i,i,i-na-x,1
i,i,i-na-ši-u,1
i,i,i-na-šu-ru,1
i,i,i-na-ṣar-u-ni,1
i,i,i-pa-ha-ru-ni,1
i,i,i-pa-la-ah,1
i,i,i-pa-lu-hu,1
i,i,i-pa-ri-ki,1
i,i,i-pa-šu₂-u-ni,1
i,i,i-pa-ṭar-u-ni,1
i,i,i-pat-ti-u,1
i,i,i-pu-gu-šu₂-ni,1
i,i,i-qa-ab-bu-u-ni,1
i,i,i-qa-bi-u,1
i,i,i-qa-bu-ni-šu₂-nu,1
i,i,i-qa-bu-u₂-ni,1
i,i,i-qab-bu-ni-šu₂,1
i,i,i-qi₂-bi-a,1
i,i,i-qul₂-lu,1
i,i,i-ra-di,1
i,i,i-ra-di-u-ni,1
i,i,i-ra-ʾu-u,1
i,i,i-ra-ṣip,1
i,i,i-ru-u₂-bu,1
i,i,i-sa-a-hi-ši,1
i,i,i-sa-ah-hu-ra,1
i,i,i-sa-aʾ-lu-šu₂,1
i,i,i-sa-he-iš,1
i,i,i-sa-hu-ra-ni,1
i,i,i-sa-hu-ru-u-ni,1
i,i,i-sa-hur-an-ni,1
i,i,i-sa-kan,1
i,i,i-sa-kan-a-ni,1
i,i,i-sa-kan-na-ši,1
i,i,i-sa-na-kan,1
i,i,i-sa-pa-ru-u-ni,1
i,i,i-sa-par-ra,1
i,i,i-sa-ṭar,1
i,i,i-se-e-a,1
i,i,i-se-e-ni,1
i,i,i-se-en,1
i,i,i-se-me,1
i,i,i-si-ia,1
i,i,i-si-ru-šu₂,1
i,i,i-si-ta-te,1
i,i,i-si-ti,1
i,i,i-si-x,1
i,i,i-si-ša₂,1
i,i,i-si-šu₂-ma,1
i,i,i-si-ṣu,1
i,i,i-su-hu-ni,1
i,i,i-su-uh-ra,1
i,i,i-su-x,1
i,i,i-ta-al-ka,1
i,i,i-ta-ba-ka,1
i,i,i-ta-na-šu₂-nu,1
i,i,i-ta-ṣu-ni,1
i,i,i-tab-bu-u-ni,1
i,i,i-tah-ra-an-ni,1
i,i,i-tah-ru,1
i,i,i-tal-ku,1
i,i,i-tal-ku-u-ni,1
i,i,i-tan-di-nu,1
i,i,i-tan-na,1
i,i,i-tan-na-šu₂,1
i,i,i-ti-is-sa,1
i,i,i-ti-ti-zi,1
i,i,i-ti-ši-šu,1
i,i,i-tu-ar,1
i,i,i-tu-ur-du,1
i,i,i-tu₂-ur-du-u-ni,1
i,i,i-tu₂-ṣi,1
i,i,i-tu₂-ṣi-u₂,1
i,i,i-x+x,1
i,i,i-za-bi-lu-ni,1
i,i,i-za-bi-lu-ni-ni,1
i,i,i-za-nu-nu,1
i,i,i-za-zu-ni,1
i,i,i-zak-ra,1
i,i,i-zi-zu,1
i,i,i-zu-nun,1
i,i,i-ša-ak-ka-an,1
i,i,i-ša-ṭu-ru,1
i,i,i-šak-kan,1
i,i,i-šak-kan-an-ni-ni,1
i,i,i-šam-me,1
i,i,i-šap-pa-ra,1
i,i,i-šap-pa-rak-kan-ni,1
i,i,i-šap-pa-ru-ni,1
i,i,i-šap-par-an-ni,1
i,i,i-ša₂-a-tu₂,1
i,i,i-ša₂-hu-ṭu,1
i,i,i-ša₂-kan,1
i,i,i-ša₂-kan-u-ni,1
i,i,i-ša₂-ku-nu,1
i,i,i-ša₂-ku-nu-šu₂,1
i,i,i-ša₂-kun-šu₂,1
i,i,i-ša₂-me-u,1
i,i,i-ša₂-mi,1
i,i,i-ša₂-mi-u₂,1
i,i,i-ša₂-mu-ni,1
i,i,i-ša₂-mu-u-ni,1
i,i,i-ša₂-pa-ra,1
i,i,i-ša₂-par-u-ni,1
i,i,i-šu-nu-u,1
i,i,i-ṣa-bat-su,1
i,i,i-ṣab-tu,1
i,i,kal-li-i,1
i,i,ki-i-tu,1
i,i,la-di-i-ni,1
i,i,li-i-ṭu,1
i,i,ni-i-pi,1
i,i,pi-i-šu,1
i,i,qa-bi-i,1
i,i,qu-di-i-ni,1
i,i,ri-i-bu,1
i,i,si-i-ri,1
i,i,uk-tu₂-i-ni,1
i,i,u₂-ra-a-mu-an-ni-i,1
i,i,x-i-du,1
i,i,x-i-si,1
i,i,x-ši-i-ni,1
i,i,{1}aš-šur-SAG-i-ši,1
i,i,{1}gur₂-di-i,1
i,i,{1}hu-li-i,1
i,i,{1}ia-ʾi-i-ru,1
i,i,{1}li-li-i,1
i,i,{1}mar-di-i,1
i,i,{1}na-ni-i,1
i,i,{1}sa-an-da-pi-i,1
i,i,{1}si-li-i,1
i,i,{1}{d}IM-i-ri-ba,1
i,i,{ANŠE}BAD-HAL-i,1
i,i,{KUR}i-zal-li,1
i,i,{LU₂}i-tu₂-u-a.a,1
i,i,{LU₂}i-tu₂-ʾa-a.a,1
i,i,{LU₂}i-tu₂-ʾa-a.a-e-a,1
i,i,{URU}i-za-la,1
i,i,{URU}ši-i-tab-ni,1
i,i,ši-i-bi,1
i,i,ši-i-ti,1
i,i,ši-te-i-ni,1
i,i,ši-ti-i-ni,1
i,i,ṣa-hi-i-ti-šu₂,1
i,i,ṭe₂-mi-i-šu₂,1
ia,ia,EN-ia,218
ia,ia,be-li₂-ia,43
ia,ia,UGU-hi-ia,30
ia,ia,IGI-ia,10
ia,ia,pa-ni-ia,9
ia,ia,x-ia,5
ia,ia,DINGIR-MEŠ-ia,4
ia,ia,ia-a-ši,4
ia,ia,{LU₂}A-KIN-ia,4
ia,ia,{LU₂}A-šip-ri-ia,4
ia,ia,ŠU.2-ia,4
ia,ia,E₂-AD-ia,2
ia,ia,E₂-mar-di-ti-ia,2
ia,ia,UGU-ia,2
ia,ia,ia-a-tu₂,2
ia,ia,ia-mu-tu,2
ia,ia,ia-u₂,2
ia,ia,x+x-ia,2
ia,ia,{1}DUMU.UŠ-ia,2
ia,ia,{LU₂}DUMU-KIN-ia,2
ia,ia,{LU₂}EN-pi-qit-ta-te-ia,2
ia,ia,{LU₂}GAL-E₂-ia,2
ia,ia,{LU₂}GAL-da-a.a-li-ia,2
ia,ia,{LU₂}SAG-ia,2
ia,ia,{URU}ar-ia-u-a-te,2
ia,ia,AD-MEŠ-ia,1
ia,ia,AD-ia,1
ia,ia,EN.NUN-ia,1
ia,ia,E₂-ia,1
ia,ia,MU-MEŠ-ia,1
ia,ia,UGU-hi-ia-a-ni,1
ia,ia,UN-MEŠ-ia,1
ia,ia,URU-MEŠ-ia,1
ia,ia,URU-MEŠ-ni-ia,1
ia,ia,URU-ia,1
ia,ia,a-ši-ia-ṭa,1
ia,ia,du-un-qi-ia-ma,1
ia,ia,e-gir₂-ti-ia,1
ia,ia,e-mu-qi-ia,1
ia,ia,hi-iṭ-ṭi-ia,1
ia,ia,i-si-ia,1
ia,ia,ia-mu-tu₂,1
ia,ia,ia-mut-tu,1
ia,ia,il-ki-ia,1
ia,ia,is-si-ia,1
ia,ia,ka-ru-a-ni-ia,1
ia,ia,lib-ba-te-ia,1
ia,ia,ni-ši-ia-ṭa,1
ia,ia,pa-na-tu-ia,1
ia,ia,pu-tu₂-ia,1
ia,ia,qa-ti-ia,1
ia,ia,qar-ba-te-ia,1
ia,ia,ra-me-ni-ia,1
ia,ia,u₂-ba-ia,1
ia,ia,u₂-da-ia,1
ia,ia,u₂-sa-ga-li-ia,1
ia,ia,x+x-ia-ak,1
ia,ia,{1}10-KI-ia,1
ia,ia,{1}DINGIR-pi-ia-PAB,1
ia,ia,{1}ia-ʾi-i-ru,1
ia,ia,{ANŠE}KUR.RA-MEŠ-ia,1
ia,ia,{GIŠ}GIGIR-ia,1
ia,ia,{GIŠ}ZU-ia,1
ia,ia,{KUR}ia-su-bu-qi,1
ia,ia,{KUR}ia-u₂-da-a.a,1
ia,ia,{KUR}ia-u₂-du-a.a,1
ia,ia,{LU₂}03.U₅-ia,1
ia,ia,{LU₂}ARAD-ME-ia,1
ia,ia,{LU₂}ARAD-MEŠ-ia,1
ia,ia,{LU₂}ERIM-MEŠ-ia,1
ia,ia,{LU₂}NAGAR-MEŠ-ia,1
ia,ia,{LU₂}ki-na-ta-te-ia,1
ia,ia,{LU₂}qur-bu-te-ia,1
ia,ia,{URU}BAD₃-{1}ia-ki-ni,1
ia,ia,{URU}DUG₃.GA-ta-ia,1
ia,ia,{URU}ŠE-{1}DUMU-ia-ba,1
ia,ia₂,EN-ia₂,52
ia,ia₂,be-li₂-ia₂,33
ia,ia₂,{LU₂}A-šip-ri-ia₂,2
ia,ia₂,me-me-ni-ia₂-ma,1
il,il,il-la-ka,13
il,il,il-lu-ku,7
il,il,il-lik-u-ni,6
il,il,il-lak,5
il,il,il-lik-u₂-ni,4
il,il,ni-il-lak,4
il,il,il-li-ka,3
il,il,E₂-hi-il-la-na-ni,2
il,il,E₂-hi-il-la-na-te,2
il,il,E₂-hi-il-la-ni,2
il,il,il-ku,2
il,il,il-la-ku-u-ni,2
il,il,il-lak-u-ni,2
il,il,il-li-diš,2
il,il,il-li-ku-ni,2
il,il,meš-il,2
il,il,il-ki-ia,1
il,il,il-la-ak,1
il,il,il-la-kan-ni,1
il,il,il-la-ku-ni,1
il,il,il-lak-u₂-ni,1
il,il,il-li-kam-ma,1
il,il,il-li-ku,1
il,il,il-li-ku-ni-ni,1
il,il,il-li-ku-u-ni,1
il,il,il-lik-an-ni,1
il,il,il-x,1
il,il,ki-il,1
il,il,mi₃-il-ʾa-a-ni,1
il,il,ni-il-la-ka,1
il,il,ni-il-lik-u-ni,1
il,il,pi-il-ka-ku-nu,1
il,il,pi-il-ka-šu-nu,1
il,il,pi-il-ki-šu₂-nu,1
il,il,pi-il-ku,1
il,il,pil₂-il-ki-šu₂-nu,1
il,il,u₂-še-bi-il-an-ni,1
il,il,{KUR}il-la-ba-a-ni,1
il,il,{KUR}il-li-pa,1
il,il,{NA₄}mi₃-il-a-ni,1
il,il,{URU}il-hi-ni,1
il,il,še-bi-il,1
il,il₃,{URU}arba-il₃,8
il,il₃,{1}arba-il₃-a.a,2
il,il₃,{URU}kur-ba-il₃,1
in,in,{URU}hi-in-da-na,5
in,in,E₂-tu-ʾi-in-te,2
in,in,in-ta-tah,2
in,in,{1}aš-šur-MU-ki-in,2
in,in,{KUR}hi-in-za-ni,2
in,in,EN-in-ni,1
in,in,GAR-in,1
in,in,at-ti-di-in-šu,1
in,in,dul-li-in-ni,1
in,in,e-ṣi-in-tu,1
in,in,in-na-gu-ru,1
in,in,in-nu-te,1
in,in,in-ta-ra-ṣa,1
in,in,in-taš-ʾa,1
in,in,in-tu-ha,1
in,in,in-tu₂-nu-u,1
in,in,in-ṭi₂-u₂,1
in,in,ka-in,1
in,in,ka-ri-in-tu,1
in,in,ka-ri-in-tu-ma,1
in,in,ka-ri-in-tu-u₂,1
in,in,ki-in,1
in,in,li-in-tu-ha-aš₂-šu₂,1
in,in,li-in-tu-hu,1
in,in,li-in-tu-hu-ni,1
in,in,li-in-tu₂-hu,1
in,in,ma-ṣi-in,1
in,in,ni-in-ta-da-da,1
in,in,ni-in-tu-nu,1
in,in,si-mi₃-in,1
in,in,uk-ta-in,1
in,in,{1}aš-šur-MU-GIN-in,1
in,in,{LU₂}qi-in-nu,1
in,in,{URU}hi-in-za-ni,1
in,in,{URU}si-in-ni,1
in,in,{d}šu-ri-in-ni,1
in,in,ša-li-in-te,1
in,in₆,in₆-ni-du-u₂-a,4
i,i₃,{1}sa-i₃-li₂,2
kal,kal,{URU}kal-ha,18
kal,kal,kal-zi,3
kal,kal,kal,2
kal,kal,li-kal-ka,2
kal,kal,u₂-kal-lu-u₂-ni,2
kal,kal,{LU₂}GAL-kal-la-pa-ni,2
kal,kal,{LU₂}GAL-kal-li-e,2
kal,kal,{LU₂}kal-lap-ši-bir-tu₂,2
kal,kal,{URU}kal-hi,2
kal,kal,e-kal,1
kal,kal,kal-li-e,1
kal,kal,kal-li-i,1
kal,kal,kal-zi-a-ma,1
kal,kal,kal-zi-šu₂,1
kal,kal,ta-kal-la,1
kal,kal,tu₂-ša₂-kal,1
kal,kal,u₂-kal,1
kal,kal,u₂-kal-lim-na-ši,1
kal,kal,u₂-ša₂-kal-šu-nu,1
kal,kal,{LU₂}kal-la-pa-ni,1
kal,kal,{LU₂}kal-li-a-ni,1
kal,kal₃,{URU}kal₃-zi,2
kal,kal₃,{URU}kal₃-ha,1
lah,lah₂,{KUR}ha-lah₂-hi,1
lah,lah₂,{LU₂}lah₂-hi-ni,1
lah,lah₂,{LU₂}lah₂-hi-nu,1
lah,lah₃,a-pa-ta-lah₃,1
lah,lah₃,ap-ta-lah₃,1
lah,lah₃,pa-lah₃-ku,1
lah,lah₃,{KUR}ha-lah₃-hi,1
li,li,lil-li-ka,13
li,li,dul-li,7
li,li,be-li,6
li,li,i-li-ku-ni,5
li,li,li,5
li,li,meš-li,5
li,li,du₆-li,4
li,li,li-li-ka,4
li,li,lil-li-ku,4
li,li,{LU₂}GAL-da-a.a-li,4
li,li,ha-bul-li,3
li,li,li-ir-ʾu-u,3
li,li,ta-li-ka,3
li,li,u₂-ta-li,3
li,li,{1}a-mi-li-iʾ-ti,3
li,li,EN-ha-bu-li-šu₂-nu,2
li,li,du₆-li-ni,2
li,li,il-li-diš,2
li,li,il-li-ka,2
li,li,il-li-ku-ni,2
li,li,il-li-ku-ni-ni,2
li,li,li-di-na,2
li,li,li-ih-ru-ṣu,2
li,li,li-ir-ṣi-pu,2
li,li,li-kal-ka,2
li,li,li-li-ku-u-ni,2
li,li,ti-ma-li,2
li,li,{1}li-li-i,2
li,li,{LU₂}GAL-da-a.a-li-ia,2
li,li,{LU₂}GAL-kal-li-e,2
li,li,a-bul-li,1
li,li,a-ka-li-šu₂,1
li,li,ah-li-qu-u-ni,1
li,li,al-li-kan-ni,1
li,li,dul-li-in-ni,1
li,li,ha-bu-li-ni,1
li,li,ha-bul-li-ka,1
li,li,hu-li-ni,1
li,li,ih-ta-na-li-qu,1
li,li,il-li-kam-ma,1
li,li,il-li-ku,1
li,li,il-li-ku-u-ni,1
li,li,iš-li-ma,1
li,li,kal-li-e,1
li,li,kal-li-i,1
li,li,ki-la-li,1
li,li,ki-sa-al-li,1
li,li,ku-ta-li-ni,1
li,li,la-li-ka,1
li,li,lal-li-ka,1
li,li,li-ba-ni-ka,1
li,li,li-be₂-e-ru,1
li,li,li-di-iš,1
li,li,li-di-na-aš₂-šu₂-nu,1
li,li,li-di-na-ni,1
li,li,li-di-na-šu₂-nu,1
li,li,li-din,1
li,li,li-du-ku-šu₂,1
li,li,li-hu-ru,1
li,li,li-i-ṭu,1
li,li,li-ib-tu-qu,1
li,li,li-ih-si-pu,1
li,li,li-ih-ṣu-ṣu,1
li,li,li-ik-ki-su,1
li,li,li-in-tu-ha-aš₂-šu₂,1
li,li,li-in-tu-hu,1
li,li,li-in-tu-hu-ni,1
li,li,li-in-tu₂-hu,1
li,li,li-ip-ru-us,1
li,li,li-ip-ṭu-ru,1
li,li,li-ir-ta-ʾe-e-ši-na,1
li,li,li-ir-u₂-ba-šu-nu,1
li,li,li-is-si-a,1
li,li,li-iz-qu-pu,1
li,li,li-iz-zi-zu,1
li,li,li-iš-du-du-u-ni,1
li,li,li-iš-kul,1
li,li,li-iṣ-ba-tu₂-šu₂-nu,1
li,li,li-iṣ-bu-tu,1
li,li,li-iṣ-bu-tu₂,1
li,li,li-ki-ri-ku,1
li,li,li-lik,1
li,li,li-pa-ni-ka,1
li,li,li-qi-bi,1
li,li,li-qi-bi-u,1
li,li,li-qi-bu-nik-ku-nu,1
li,li,li-x-lik,1
li,li,li-zi-zi,1
li,li,li-zi-zu,1
li,li,lil-li-ki,1
li,li,lil-li-ku-ni,1
li,li,lil-li-ku-nu,1
li,li,lil-li-ku-u-ni,1
li,li,lu-bi-li,1
li,li,ma-li,1
li,li,mu-ṣa-li-ma,1
li,li,na-ah-li,1
li,li,nu-šal-li-me,1
li,li,qa-li-x,1
li,li,ta-li-ik,1
li,li,tal-li-ka,1
li,li,ti-ma-a-li,1
li,li,tu₂-še-li,1
li,li,ub-ta-li-ṭa-ni,1
li,li,uk-ta-li-im,1
li,li,uk-ta-li-mu-na-ši,1
li,li,us-se-li,1
li,li,u₂-ba-a-li,1
li,li,u₂-sa-ah-li-qu,1
li,li,u₂-sa-ga-li-ia,1
li,li,u₂-sa-ga-li-uš,1
li,li,u₂-se-bi-li,1
li,li,u₂-se-li-a,1
li,li,u₂-se-li-šu₂-nu,1
li,li,x+x-li-me,1
li,li,x-ba-li,1
li,li,x-li-šu₂-nu,1
li,li,{1}hu-li-i,1
li,li,{1}si-li-i,1
li,li,{ANŠE}BAD-HAL-li,1
li,li,{GIŠ}gu-ma-ki-li,1
li,li,{GIŠ}til-li,1
li,li,{ID₂}ma-li-a-su-u₂,1
li,li,{KUR}gam-bu-li,1
li,li,{KUR}i-zal-li,1
li,li,{KUR}il-li-pa,1
li,li,{KUR}ta-ba-li,1
li,li,{LU₂}da-a.a-li,1
li,li,{LU₂}kal-li-a-ni,1
li,li,{URU}BAD₃-bi-li-ha-a.a,1
li,li,{URU}me-li-di,1
li,li,ša-li-in-te,1
li,li,šal-li-ma-an-na-ši,1
li,li₂,be-li₂,135
li,li₂,be-li₂-ia,44
li,li₂,be-li₂-ia₂,32
li,li₂,be-li₂-ni,3
li,li₂,be-li₂-šu₂,2
li,li₂,{1}sa-i₃-li₂,2
li,li₂,be-li₂-a,1
li,li₂,be-li₂-šu₂-nu,1
me,me,me,68
me,me,me-me-ni,39
me,me,me-me-e-ni,10
me,me,UD-me,7
me,me,a-se-me,5
me,me,ta-hu-me,4
me,me,šul-me,4
me,me,na-me-ri,3
me,me,E₂-kar-me,2
me,me,am-me-ni,2
me,me,am-me-te,2
me,me,i-DI-me,2
me,me,i-me-ru,2
me,me,i-ša₂-šu-me,2
me,me,is-se-me,2
me,me,me-me-ni-ia₂-ma,2
me,me,me-me-ni-ka,2
me,me,ni-iš-me,2
me,me,ra-me-ni-šu₂-nu,2
me,me,x-lim-05-me,2
me,me,x-me,2
me,me,{1}a-me-ri,2
me,me,{1}me-ta-a,2
me,me,{LU₂}ši-kin₂-ṭe₃-me,2
me,me,{URU}si-ʾi-me-e,2
me,me,03-še-UD-me,1
me,me,03-ši-UD-me-šu₂,1
me,me,05-me-ma,1
me,me,DI-me,1
me,me,UD-me-šu₂,1
me,me,UD-me-šu₂-nu,1
me,me,a.a-ka-me-e-ni,1
me,me,am-me-u₂,1
me,me,aš₂-am-me,1
me,me,e-me-šu₂,1
me,me,e-te-me-di,1
me,me,ga-me-ra,1
me,me,i-se-me,1
me,me,i-šam-me,1
me,me,i-ša₂-me-u,1
me,me,iš-me-u₂,1
me,me,iš-ša₂-me,1
me,me,kar-me,1
me,me,lu-me-du,1
me,me,lu-ra-me-u₂,1
me,me,lu-ša₂-aš₂-me,1
me,me,me-e-tu-ni,1
me,me,me-šil,1
me,me,me-šil-ma,1
me,me,na-me-di,1
me,me,na-me-ši,1
me,me,nam-me-ša₂,1
me,me,ni-ša₂-me,1
me,me,nu-ta-me-di,1
me,me,nu-tu-me-di,1
me,me,nu-ut-ta-am-me-ša₂,1
me,me,nu-šal-li-me,1
me,me,ra-me-a,1
me,me,ra-me-ni-ia,1
me,me,ra-me-ni-šu,1
me,me,ra-me-ni-šu₂,1
me,me,ta-hu-u-me,1
me,me,ta-hu-u₂-me,1
me,me,taš-me,1
me,me,tim-me,1
me,me,tu-nam-me-ru-ni,1
me,me,tug-dam-me-ra,1
me,me,ug-da-ad-me-ru,1
me,me,ug-da-me-ru,1
me,me,ur-ta-am-me,1
me,me,ur-ta-me,1
me,me,ur-tam-me-u₂,1
me,me,u₂-gam-me-ru,1
me,me,u₂-ra-am-me,1
me,me,u₂-sa-lim-me,1
me,me,u₂-ta-am-me-ka,1
me,me,u₂-ta-me-di,1
me,me,x+x-li-me,1
me,me,x-lim-02-me,1
me,me,x-me-hu,1
me,me,{1}me-tu-nu,1
me,me,{1}x-x-ṣa-me,1
me,me,{GIŠ}nu-ur₂-me,1
me,me,{GIŠ}sa-ra-me-e,1
me,me,{TUG₂}GADA-me,1
me,me,{URU}me-li-di,1
me,me,{URU}sa-me-ri-na,1
me,me,ša-al-ši-UD-me,1
me,me,šal-ši-UD-me,1
me,me,ša₂-aš₂-me,1
me,me,ša₂-šu-me,1
me,me,ṭe₃-e-me,1
me,me₂,me₂-e-tu,1
me,me₂,me₂-tu-u-ni,1
mi,mi,mi-i-nu,11
mi,mi,mi-nu,6
mi,mi,mi-i-ni,5
mi,mi,ra-mi-ni-ka,2
mi,mi,{1}a-mi-li-iʾ-ti,2
mi,mi,am-mi-te,1
mi,mi,i-di-mi-iq,1
mi,mi,i-ša₂-mi,1
mi,mi,i-ša₂-mi-u₂,1
mi,mi,ku-mi,1
mi,mi,lu-ra-am-mi,1
mi,mi,lu-ra-mi-šu-nu,1
mi,mi,mi,1
mi,mi,mi-da-as-su,1
mi,mi,mi-e-te,1
mi,mi,mi-ih-ri-ka-a,1
mi,mi,mi-ik-si,1
mi,mi,mi-ik-si-šu₂-nu,1
mi,mi,mi-ni,1
mi,mi,nu-ta-mi-id,1
mi,mi,sa-al-mi-ni,1
mi,mi,ta-hu-mi,1
mi,mi,{1}a-mi-ri,1
mi,mi,{URU}ṣi-mi-ri,1
mi,mi,ši-mi,1
mi,mi,ṭe₂-mi-i-šu₂,1
mi,mi₃,mi₃-nu,3
mi,mi₃,mi₃-i-ni,2
mi,mi₃,mi₃-ni,2
mi,mi₃,am-mi₃-u₂,1
mi,mi₃,e-mi₃-da-an-ni-i-ni,1
mi,mi₃,e-mi₃-di,1
mi,mi₃,lu-nam-mi₃-iš,1
mi,mi₃,mi₃-i-nu,1
mi,mi₃,mi₃-il-ʾa-a-ni,1
mi,mi₃,mi₃-qit-x,1
mi,mi₃,si-mi₃-in,1
mi,mi₃,{NA₄}mi₃-il-a-ni,1
pil,pil,pil-ki,1
pil,pil₂,{LU₂}GAL-pil₂-ka-ni,4
pil,pil₂,pil₂-ki-šu₂,3
pil,pil₂,pil₂-ku-šu₂,2
pil,pil₂,pil₂-il-ki-šu₂-nu,1
pil,pil₂,pil₂-ka-ni-ni,1
pil,pil₂,pil₂-ki,1
pil,pil₂,pil₂-ku,1
qi,qi,{LU₂}EN-pi-qi-te,4
qi,qi,bat-qi,3
qi,qi,lip-qi-di,3
qi,qi,un-qi,3
qi,qi,{LU₂}e-mu-qi-šu₂-nu,3
qi,qi,{URU}KA₂-bit-qi,3
qi,qi,{URU}mil-qi-a,3
qi,qi,EN-pi-qi-ta-te,2
qi,qi,e-mu-qi,2
qi,qi,la-ap-qi-di,2
qi,qi,{LU₂}EN-pi-qi-ta-te,2
qi,qi,{LU₂}EN-pi-qi-ta-ti,2
qi,qi,{LU₂}EN-pi-qi-te-ka,2
qi,qi,{LU₂}NU.GIŠ-ur-qi,2
qi,qi,a-pa-qi-du-ni,1
qi,qi,ap-ti-qi-di,1
qi,qi,ap-ti-qi-su,1
qi,qi,bat-qi-šu₂-nu,1
qi,qi,da-mu-qi,1
qi,qi,dam-mu-qi,1
qi,qi,du-un-qi-ia-ma,1
qi,qi,e-mu-qi-ku-nu,1
qi,qi,e-ta-qi,1
qi,qi,li-qi-bi,1
qi,qi,li-qi-bi-u,1
qi,qi,li-qi-bu-nik-ku-nu,1
qi,qi,lip-qi-du,1
qi,qi,liq-qi-bi,1
qi,qi,lu-še-ti-qi,1
qi,qi,qi,1
qi,qi,qi-ba-aš₂-šu₂,1
qi,qi,qi-ni-tu₂,1
qi,qi,ta-paq-qi-da-a-ni,1
qi,qi,te-ti-qi,1
qi,qi,u₂-ba-qi-du-ni,1
qi,qi,{1}ha-qi-x,1
qi,qi,{KUR}ia-su-bu-qi,1
qi,qi,{KUR}qi-pa-ni,1
qi,qi,{LU₂}e-mu-qi,1
qi,qi,{LU₂}e-mu-qi-ka,1
qi,qi,{LU₂}e-mu-qi-šu₂,1
qi,qi,{LU₂}e-muq-qi,1
qi,qi,{LU₂}e-muq-qi-ku-nu,1
qi,qi,{LU₂}qi-in-nu,1
qi,qi,{URU}di-maš-qi,1
qi,qi₂,za-qi₂-pi,2
qi,qi₂,i-qi₂-bi-a,1
qi,qi₂,lip-qi₂-du,1
qi,qi₂,{LU₂}ha-ni-qi₂,1
rig,rig,an-nu-rig,61
rig,rig,a-nu-rig,2
rig,rig₂,an-nu-rig₂,1
tu,tu,at-tu-nu,5
tu,tu,ke-e-tu,4
tu,tu,{LU₂}hu-ub-tu,3
tu,tu,E₂-tu-ʾi-in-te,2
tu,tu,a-bu-tu,2
tu,tu,a-tu-ṣi,2
tu,tu,an-ni-tu,2
tu,tu,bir-tu-šu₂-nu,2
tu,tu,i-bat-tu-qu,2
tu,tu,i-da-tu-šu,2
tu,tu,ia-mu-tu,2
tu,tu,ih-tab-tu,2
tu,tu,it-tu-ṣi,2
tu,tu,tu,2
tu,tu,{1}lu-tu-u₂,2
tu,tu,šu-tu-ni,2
tu,tu,IGI-tu-šu₂-nu,1
tu,tu,an-tu-nu,1
tu,tu,at-tu-bil₂,1
tu,tu,at-tu-ši-bi,1
tu,tu,bar-tu,1
tu,tu,bir-tu-ku-nu,1
tu,tu,bir-tu-ni,1
tu,tu,bu-tu-qu,1
tu,tu,e-ṣi-in-tu,1
tu,tu,hu-ub-tu,1
tu,tu,i-ma-qa-tu-u₂-ni,1
tu,tu,i-ma-tu-hu,1
tu,tu,i-mut-tu-u₂,1
tu,tu,i-tu-ar,1
tu,tu,i-tu-ur-du,1
tu,tu,i-ṣab-tu,1
tu,tu,ia-mut-tu,1
tu,tu,ih-tu-du,1
tu,tu,in-tu-ha,1
tu,tu,ip-tu-gu-na-ši,1
tu,tu,ir-tu-gu-mu-ni-šu₂,1
tu,tu,it-tu-ar,1
tu,tu,it-tu-uṣ-ṣi,1
tu,tu,it-tu-ši-ib,1
tu,tu,it-tu-šib,1
tu,tu,it-tu-ṣi-a,1
tu,tu,iṣ-ṣab-tu,1
tu,tu,iṣ-ṣab-tu-ni-šu₂,1
tu,tu,ka-ri-in-tu,1
tu,tu,ka-ri-in-tu-ma,1
tu,tu,ka-ri-in-tu-u₂,1
tu,tu,ke-et-tu,1
tu,tu,ki-i-tu,1
tu,tu,la-an-tu-hu,1
tu,tu,li-ib-tu-qu,1
tu,tu,li-in-tu-ha-aš₂-šu₂,1
tu,tu,li-in-tu-hu,1
tu,tu,li-in-tu-hu-ni,1
tu,tu,li-iṣ-bu-tu,1
tu,tu,lib-tu-qu,1
tu,tu,lu-ša₂-bal-ki-tu-šu,1
tu,tu,ma-aq-tu,1
tu,tu,me-e-tu-ni,1
tu,tu,me₂-e-tu,1
tu,tu,me₂-tu-u-ni,1
tu,tu,mu-tu-ha,1
tu,tu,ni-ib-tu-qu,1
tu,tu,nu-tu-me-di,1
tu,tu,pa-na-tu-ia,1
tu,tu,pa-na-tu-ni,1
tu,tu,pa-na-tu-un,1
tu,tu,pa-na-tu-uš-šu₂,1
tu,tu,pi-tu-a-te,1
tu,tu,pu-tu,1
tu,tu,pu-tu-hu,1
tu,tu,tu-ba-la,1
tu,tu,tu-ga-mar,1
tu,tu,tu-lab-ba-aš₂,1
tu,tu,tu-ma-za-aʾ-šu₂-nu,1
tu,tu,tu-nam-me-ru-ni,1
tu,tu,tu-qar-ra-bu-ni,1
tu,tu,tu-se-bil₂,1
tu,tu,tu-se-šib,1
tu,tu,tu-ta-ar-šu₂-nu,1
tu,tu,tu-u-ṣi,1
tu,tu,tu-ug-da-mir-u-ni,1
tu,tu,tu-up-pa-aš₂,1
tu,tu,tu-up-ta-ti-šu,1
tu,tu,tu-us-se-ši-ib-šu,1
tu,tu,tu-ut-te-re,1
tu,tu,tu-u₂-da,1
tu,tu,tu-u₂-ra,1
tu,tu,tu-x,1
tu,tu,tu-ša₂-aš₂-kan-šu₂-nu,1
tu,tu,tu-ša₂-aṣ-bat,1
tu,tu,tu-še-bi-la-ni,1
tu,tu,tu-še-bil-an-ni,1
tu,tu,tu-ṣa-ni-ni,1
tu,tu,u₂-ṣa-bi-tu-šu₂-nu,1
tu,tu,x+x-tu,1
tu,tu,x-ni-tu,1
tu,tu,x-tu,1
tu,tu,x-tu-ṭu,1
tu,tu,{1}me-tu-nu,1
tu,tu,{1}tu-x+x,1
tu,tu,{KUR}at-tu-na-a.a,1
tu,tu,{LU₂}NAM-u₂-tu,1
tu,tu,{LU₂}ma-aq-tu,1
tu,tu,{LU₂}pa-ha-tu-u₂-tu₂,1
tu,tu,{URU}DU₆-tu-u₂-ri,1
tu,tu,{URU}is-tu-an-da-a.a,1
tu,tu,{URU}x+x-x-tu,1
tu,tu,ša-lim-tu,1
tu,tu,šu-u-tu,1
tu,tu,ṣab-bu-ta-tu-u₂-ni,1
tu,tu,ṭa-ab-tu,1
tu,tu₂,e-gir₂-tu₂,13
tu,tu₂,an-ni-tu₂,10
tu,tu₂,šu-u-tu₂,9
tu,tu₂,ma-da-tu₂,6
tu,tu₂,na-mur-tu₂,6
tu,tu₂,ki-su-tu₂,5
tu,tu₂,tu₂,5
tu,tu₂,{ŠE}ki-su-tu₂,5
tu,tu₂,x-tu₂,4
tu,tu₂,i-ha-bu-tu₂,3
tu,tu₂,šu-u₂-tu₂,3
tu,tu₂,ba-ti-iq-tu₂,2
tu,tu₂,e-gir-tu₂,2
tu,tu₂,gi-zu-tu₂,2
tu,tu₂,i-da-a-tu₂-u-a,2
tu,tu₂,i-da-tu₂-uš-šu,2
tu,tu₂,ia-a-tu₂,2
tu,tu₂,la-at-tu₂,2
tu,tu₂,lap-tu₂-te,2
tu,tu₂,ma-aʾ-at-tu₂-nu,2
tu,tu₂,ma-dak-tu₂,2
tu,tu₂,nar-ma-ak-tu₂,2
tu,tu₂,te-gir₂-tu₂,2
tu,tu₂,{KUR}i-tu₂-ʾa-a.a,2
tu,tu₂,{LU₂}kal-lap-ši-bir-tu₂,2
tu,tu₂,šu-tu₂-u-ni,2
tu,tu₂,02-tu₂,1
tu,tu₂,04-tu₂,1
tu,tu₂,DIL-ni-tu₂,1
tu,tu₂,GIBIL-tu₂,1
tu,tu₂,a-bu-tu₂,1
tu,tu₂,a-kil-tu₂,1
tu,tu₂,a-ši-bu-tu₂,1
tu,tu₂,an-nu-tu₂,1
tu,tu₂,at-tu₂-nu,1
tu,tu₂,da-a-a-la-tu₂,1
tu,tu₂,da-ʾa-tu₂,1
tu,tu₂,de-ek-tu₂,1
tu,tu₂,e-bir-tu₂,1
tu,tu₂,e-gir₂-tu₂-šu₂,1
tu,tu₂,gi-ru-tu₂,1
tu,tu₂,ha-an-ni-tu₂,1
tu,tu₂,ha-an-nu-tu₂,1
tu,tu₂,hu-ub-tu₂,1
tu,tu₂,i-hab-bu-tu₂,1
tu,tu₂,i-ma-tu₂-hu,1
tu,tu₂,i-mut-tu₂,1
tu,tu₂,i-ta-bal-ki-tu₂,1
tu,tu₂,i-tu₂-ur-du-u-ni,1
tu,tu₂,i-tu₂-ṣi,1
tu,tu₂,i-tu₂-ṣi-u₂,1
tu,tu₂,ia-mu-tu₂,1
tu,tu₂,ia-mut-tu₂,1
tu,tu₂,ih-bu-tu₂-ni,1
tu,tu₂,in-tu₂-nu-u,1
tu,tu₂,ir-tu₂-a-ba,1
tu,tu₂,ir-tu₂-mu,1
tu,tu₂,it-tu₂-uq-ta,1
tu,tu₂,ket-tu₂,1
tu,tu₂,lap-tu₂-ni,1
tu,tu₂,lat-tu₂,1
tu,tu₂,li-in-tu₂-hu,1
tu,tu₂,li-iṣ-ba-tu₂-šu₂-nu,1
tu,tu₂,ma-a-tu₂,1
tu,tu₂,ma-aq-tu₂-te,1
tu,tu₂,ma-da-at-tu₂,1
tu,tu₂,ma-da-at-tu₂-ku-nu,1
tu,tu₂,ma-da-tu₂-šu₂-nu,1
tu,tu₂,ma-dak-tu₂-ma,1
tu,tu₂,ma-dak-tu₂-šu₂,1
tu,tu₂,ma-na-ah-tu₂,1
tu,tu₂,ma-qa-ru-tu₂,1
tu,tu₂,ma-ṣar-tu₂,1
tu,tu₂,mah-ra-tu₂-ni,1
tu,tu₂,mar-di-tu₂,1
tu,tu₂,na-gu-ur-tu₂,1
tu,tu₂,na-kut-tu₂,1
tu,tu₂,pa-na-tu₂-x,1
tu,tu₂,pi-qit-tu₂,1
tu,tu₂,pu-luh-tu₂,1
tu,tu₂,pu-tu₂-ia,1
tu,tu₂,qi-ni-tu₂,1
tu,tu₂,si-im-tu₂,1
tu,tu₂,te-x-tu₂,1
tu,tu₂,tu₂-ga-mir-ni,1
tu,tu₂,tu₂-ki-iš,1
tu,tu₂,tu₂-pa-aš₂,1
tu,tu₂,tu₂-pi-iš,1
tu,tu₂,tu₂-u₂-ki-iš,1
tu,tu₂,tu₂-ša₂-kal,1
tu,tu₂,tu₂-še-li,1
tu,tu₂,tu₂-še-ra-da,1
tu,tu₂,uk-tu₂-i-ni,1
tu,tu₂,x+x-tu₂,1
tu,tu₂,x-bu-tu₂,1
tu,tu₂,x-tu₂-ma,1
tu,tu₂,x-tu₂-qu,1
tu,tu₂,{1}a-ba-tu₂,1
tu,tu₂,{KUR}ma-a-tu₂,1
tu,tu₂,{LU₂}i-tu₂-u-a.a,1
tu,tu₂,{LU₂}i-tu₂-ʾa-a.a,1
tu,tu₂,{LU₂}i-tu₂-ʾa-a.a-e-a,1
tu,tu₂,{LU₂}pa-ha-tu-u₂-tu₂,1
tu,tu₂,{LU₂}qur-bu-tu₂,1
tu,tu₂,{LU₂}ša₂-ki-ru-tu₂,1
tu,tu₂,{MI₂}al-ma-tu₂,1
tu,tu₂,{MI₂}al-mat-tu₂,1
tu,tu₂,{URU}a-tu₂-na-a.a,1
tu,tu₂,{URU}x-ri-tu₂,1
tu,tu₂,{URU}ši-bir-tu₂,1
tu,tu₂,{ŠE}ki-is-su-tu₂,1
tu,tu₂,{ŠE}ma-qa-ru-tu₂,1
tu,tu₂,ŠUB-tu₂,1
tu,tu₂,šat-tu₂,1
tu,tu₂,ša₂-ni-tu₂,1
tu,tu₂,ša₂-ʾu-ur-tu₂,1
tu,tu₂,šu-tu₂,1
tu,tu₂,šu-tu₂-ma,1
tu,tu₂,šu-tu₂-ni,1
tu,tu₂,šu-tu₂-u-ma,1
tu,tu₂,šub-tu₂,1
tu,tu₂,šu₂-tu₂,1
u,u,lu-u,33
u,u,u,12
u,u,šu₂-u,10
u,u,šu-u-tu₂,9
u,u,{1}aš-šur-re-ṣu-u-a,8
u,u,il-lik-u-ni,7
u,u,x-u-ni,7
u,u,i-qa-bu-u-ni,6
u,u,mu-bu-u,5
u,u,mu-lu-u,5
u,u,na-ṣu-u-ni,5
u,u,šu-u,5
u,u,an-ni-u,3
u,u,i-qab-bu-u-ni,3
u,u,i-sa-par-u-ni,3
u,u,x+x-u-ni,3
u,u,02-u,2
u,u,ERIM-MEŠ-LUGAL-u-ti,2
u,u,am-mar-u-ni,2
u,u,i-da-a-tu₂-u-a,2
u,u,i-da-bu-ub-u-ni,2
u,u,ik-bu-su-u-ni,2
u,u,ik-ṣur-u-ni,2
u,u,il-la-ku-u-ni,2
u,u,il-lak-u-ni,2
u,u,iq-bu-u-ni,2
u,u,iq-ṭar-bu-u-ni,2
u,u,iq-ṭi-bu-u-ni,2
u,u,iq-ṭi₂-bi-u,2
u,u,iq-ṭi₂-bu-u-ni,2
u,u,le-lu-u-ni,2
u,u,li-ir-ʾu-u,2
u,u,pa-ti-u-te,2
u,u,ta-mar-u-ni,2
u,u,up-ta-at-ti-iu-u,2
u,u,u₂-ṣu-u,2
u,u,x-u-te,2
u,u,za-ku-u,2
u,u,{1}mar-du-u,2
u,u,{KUR}qu-u-a.a,2
u,u,{LU₂}02-u,2
u,u,{URU}ar-ia-u-a-te,2
u,u,šu-nu-u-ni,2
u,u,šu-tu₂-u-ni,2
u,u,02-u-te,1
u,u,AD-u-a,1
u,u,ARAD-MEŠ-u-ti,1
u,u,DUG₃.GA-u-ni,1
u,u,GIG-u-ni,1
u,u,KUR-u,1
u,u,a-di-nu-u-ni,1
u,u,a-ga-mar-u-ni,1
u,u,a-hu-u-la,1
u,u,a-kar-ra-bu-u-ni,1
u,u,a-kar-rab-u-ni,1
u,u,a-ma-tah-u-ni,1
u,u,a-mur-u-ni,1
u,u,a-na-aš₂-ši-iq-u-ni,1
u,u,a-na-ku-u-ni,1
u,u,a-qa-bu-u-ni,1
u,u,a-za-zu-u-ni,1
u,u,ah-li-qu-u-ni,1
u,u,ak-ki-su-u-ni,1
u,u,al-lak-u-ni,1
u,u,an-nu-u-te,1
u,u,aq-bu-u-ni,1
u,u,at-ta-nu-u-ni,1
u,u,aʾ-u,1
u,u,bal-ṭu-u-ni,1
u,u,e-ka-lu-u-ni,1
u,u,e-lu-u-ni,1
u,u,e-mu-qa-šu₂-u-ni,1
u,u,e-mu-u-ru,1
u,u,e-pa-aš₂-u-ni,1
u,u,e-pa-šu-u-ni,1
u,u,e-pa-šu₂-u-ni,1
u,u,e-ru-bu-u-ni,1
u,u,e-tar-bu-u-ni,1
u,u,ep-pa-šu₂-u-ni,1
u,u,gi-nu-u,1
u,u,ha-an-ni-u,1
u,u,i-ba-aš₂-šu₂-u-ni,1
u,u,i-bat-taq-u-ni,1
u,u,i-da-nu-u-ni,1
u,u,i-di-iʾ-nu-u-ni,1
u,u,i-du-u-lu,1
u,u,i-ka-pu-ru-u-ni,1
u,u,i-la-as-su-mu-u-ni,1
u,u,i-la-ku-u-ni,1
u,u,i-mat-ta-hu-u-ni,1
u,u,i-na-sah-u-ni,1
u,u,i-na-ši-u,1
u,u,i-na-ṣar-u-ni,1
u,u,i-pa-šu₂-u-ni,1
u,u,i-pa-ṭar-u-ni,1
u,u,i-pat-ti-u,1
u,u,i-qa-ab-bu-u-ni,1
u,u,i-qa-bi-u,1
u,u,i-ra-di-u-ni,1
u,u,i-ra-ʾa-mu-u-ni,1
u,u,i-sa-hu-ru-u-ni,1
u,u,i-sa-pa-ru-u-ni,1
u,u,i-tu₂-ur-du-u-ni,1
u,u,i-ša₂-kan-u-ni,1
u,u,i-ša₂-me-u,1
u,u,i-ša₂-mu-u-ni,1
u,u,i-ša₂-par-u-ni,1
u,u,i-šu-nu-u,1
u,u,ig-lu-u-ni,1
u,u,ih-ri-ṭu-u-ni,1
u,u,ih-tal-qu-u-ni,1
u,u,ih-tar-du-u-ni,1
u,u,ik-ri-ku-u-ni,1
u,u,il-li-ku-u-ni,1
u,u,in-tu₂-nu-u,1
u,u,ir-ṣip-u-ni,1
u,u,is-su-hu-u-ni,1
u,u,iš-al-u-ni,1
u,u,iš-pur-u-ni,1
u,u,iš-šak-nu-u-ni,1
u,u,iš-šu-u-ni,1
u,u,iṣ-bat-u-ni,1
u,u,ka-ra-ku-u-ni,1
u,u,ka-ri-ru-u-ni,1
u,u,la-a-šu-u,1
u,u,la-aš₂-šu₂-u-ni,1
u,u,la-šu-u-ma,1
u,u,li-iš-du-du-u-ni,1
u,u,li-li-ku-u-ni,1
u,u,li-qi-bi-u,1
u,u,lid-din-u-ni,1
u,u,lil-li-ku-u-ni,1
u,u,lil-lik-u-ni,1
u,u,liq-bi-u,1
u,u,liš-pa-ru-u-ni,1
u,u,liš-ʾu-lu-u-ni,1
u,u,lu-bi-lu-u-ni,1
u,u,lu-ri-du-u-ne₂-e,1
u,u,lu-ri-du-u-ni,1
u,u,lu-sa-hir₂-u-ni,1
u,u,lu-u-da,1
u,u,lu-u-na-aš₂-šiq,1
u,u,lu-u-qar-ri-bu,1
u,u,lu-u-ri-ma-ka,1
u,u,ma-aʾ-du-u-te,1
u,u,ma-hi-ir-u-ni,1
u,u,ma-ki-u-te,1
u,u,ma-ri-ṣu-u-ni,1
u,u,mah-ru-u-ni,1
u,u,me₂-tu-u-ni,1
u,u,na-ga-ma-ru-u-te,1
u,u,na-mar-ku-u,1
u,u,ne₂-em-mar-u-ni,1
u,u,ne₂-mur-u-ni,1
u,u,ni-il-lik-u-ni,1
u,u,nu-u-ša₂-bal-kat₃-šu₂,1
u,u,nu-ša₂-aš₂-kin₂-u-ni,1
u,u,nu-še-rab-u-ni,1
u,u,pa-ni-iu-u-te,1
u,u,pa-ni-u,1
u,u,pa-ni-u-te,1
u,u,pu-u-hi,1
u,u,qa-ba-šu₂-nu-u-ni,1
u,u,qa-bu-ni-šu-u-ni,1
u,u,ra-mu-at-u-ni,1
u,u,ra-ṣi-pu-u-ni,1
u,u,re-ʾu-u-si-na,1
u,u,ta-am-mar-u-ni,1
u,u,ta-hu-u-me,1
u,u,ta-kul-u-ni,1
u,u,ta-ra-a-mu-šu-u-ni,1
u,u,tal-lak-u-ni,1
u,u,taq-bu-u-ni,1
u,u,tu-u-ṣi,1
u,u,ub-bal-u-ni,1
u,u,ug-da-da-mar-u-ni,1
u,u,u₂-ba-lu-u-ni,1
u,u,u₂-ba-u-ni,1
u,u,u₂-ba-ʾu-u-ni,1
u,u,u₂-bal-u-ni,1
u,u,u₂-bi-lu-šu₂-u-ni,1
u,u,u₂-gam-ma-ru-u-ni,1
u,u,u₂-na-ka-ar₂-u-ni,1
u,u,u₂-nam-maš-u-ni,1
u,u,u₂-pa-hi-ir-u-ni,1
u,u,u₂-ra-mu-u,1
u,u,u₂-ra-mu-u-x,1
u,u,u₂-ta-ni-šu₂-u-ni,1
u,u,u₂-še-bi-lu-u-ni,1
u,u,u₂-še-rib-u-ni,1
u,u,u₂-ṣal-lu-u,1
u,u,u₂-ṣu-u-ni,1
u,u,x-aš₂-u-ni,1
u,u,x-ku-u-ni,1
u,u,x-nu-u-ni,1
u,u,x-ru-u-ni,1
u,u,x-u,1
u,u,x-u-a,1
u,u,{1}10-AD-u-a,1
u,u,{1}la-bar-mu-u,1
u,u,{1}pa-ta-mu-u,1
u,u,{1}zab-bu-u-a,1
u,u,{KUR}na-gi-u,1
u,u,{LU₂}i-tu₂-u-a.a,1
u,u,{LU₂}šag-lu-u-te,1
u,u,{URU}la-ba-ʾu-u,1
u,u,še-e-lu-u,1
u,u,šu-tu₂-u-ma,1
u,u,šu-u-tu,1
u,u,ṭa-bu-u-ni,1
ur,ur,{URU}ur-zu-hi-na,4
ur,ur,ur,3
ur,ur,{1}ur-pala-a,2
ur,ur,{1}ŠEŠ-lu-ur-ši,2
ur,ur,{LU₂}NU.GIŠ-ur-qi,2
ur,ur,a-mu-ur,1
ur,ur,ha-ru-ur-ti-šu₂,1
ur,ur,i-hu-ur,1
ur,ur,i-hu-ur-u₂-ni,1
ur,ur,i-tu-ur-du,1
ur,ur,i-tu₂-ur-du-u-ni,1
ur,ur,ku-ur-ru,1
ur,ur,na-gu-ur-tu₂,1
ur,ur,ni-ik-ru-ur,1
ur,ur,tak-ru-ur,1
ur,ur,ur-a-bi,1
ur,ur,ur-ta-am-me,1
ur,ur,ur-ta-di,1
ur,ur,ur-ta-me,1
ur,ur,ur-tam-me-u₂,1
ur,ur,ur-x,1
ur,ur,x-ur-pu,1
ur,ur,{1}ur-za-an-na,1
ur,ur,{LU₂}ur-du-u₂,1
ur,ur,ša₂-ʾu-ur-tu₂,1
ur,ur₂,{GIŠ}nu-ur₂-me,1
u,u₂,u₂-ma-a,59
u,u₂,šu-u₂,22
u,u₂,an-ni-u₂,18
u,u₂,u₂-da,18
u,u₂,u₂-se-bi-la,18
u,u₂,u₂-la-a,8
u,u₂,u₂-sa-hi-ir,8
u,u₂,u₂-di-ni,6
u,u₂,u₂-x,5
u,u₂,KUR-u₂,4
u,u₂,il-lik-u₂-ni,4
u,u₂,in₆-ni-du-u₂-a,4
u,u₂,u₂-di-i-ni,4
u,u₂,u₂-kal-lu-u₂-ni,4
u,u₂,u₂,3
u,u₂,u₂-ga-mur,3
u,u₂,u₂-ta-si-ik,3
u,u₂,u₂-ta-ṣi-ṣi,3
u,u₂,u₂-x+x,3
u,u₂,u₂-še-rab,3
u,u₂,x-u₂-ni,3
u,u₂,{LU₂}02-u₂,3
u,u₂,{URU}u₂-a.a-si,3
u,u₂,šu-u₂-tu₂,3
u,u₂,ha-an-ni-u₂,2
u,u₂,i-qa-bu-u₂-ni,2
u,u₂,ia-u₂,2
u,u₂,iq-bu-u₂-ni,2
u,u₂,liš-u₂-lu,2
u,u₂,lu-u₂,2
u,u₂,lu-u₂-du-u₂,2
u,u₂,pa-ni-u₂,2
u,u₂,u₂-ka-lu,2
u,u₂,u₂-ka-lu-u₂-ni,2
u,u₂,u₂-pa-ṭar,2
u,u₂,u₂-sa-har-u₂-ni,2
u,u₂,u₂-sa-li-mu,2
u,u₂,u₂-sa-lim,2
u,u₂,u₂-se-bi-la-šu,2
u,u₂,u₂-se-bi-la-šu₂-nu,2
u,u₂,u₂-se-ri-di,2
u,u₂,u₂-se-ri-ib,2
u,u₂,u₂-se-ṣi-a,2
u,u₂,u₂-ta-li,2
u,u₂,u₂-šal-lam,2
u,u₂,u₂-ṣa-bit,2
u,u₂,u₂-ṣal-lu-u,2
u,u₂,u₂-ṣe-šu₂,2
u,u₂,u₂-ṣi-ṣi,2
u,u₂,u₂-ṣu-u,2
u,u₂,u₂-ṣu-u₂,2
u,u₂,{1}lu-tu-u₂,2
u,u₂,{KUR}u₂-ka-a.a,2
u,u₂,{LU₂}EN-URU-u₂-ti,2
u,u₂,{LU₂}GAL-E₂-u₂-te,2
u,u₂,{LU₂}GAL-ki-ṣir-u₂-te,2
u,u₂,{LU₂}GAL-u₂-ra-sa-ni,2
u,u₂,{LU₂}GAL-u₂-ra-te,2
u,u₂,{LU₂}u₂-ra-si,2
u,u₂,{LU₂}zak-ku-u₂,2
u,u₂,{URU}u₂-ba-se-e,2
u,u₂,{URU}u₂-pi-a,2
u,u₂,{URU}u₂-ra-am-mu,2
u,u₂,ša-ni-u₂,2
u,u₂,DU-u₂-ni,1
u,u₂,TI.LA-u₂-te,1
u,u₂,a-kul-lu-u₂,1
u,u₂,a-lak-šu-u₂,1
u,u₂,a-lik-u₂-ti,1
u,u₂,a-ma-ru-u₂-ni,1
u,u₂,a-mur-u₂-ni,1
u,u₂,a-qa-bu-u₂-ni,1
u,u₂,a-šur-u₂-ša₂-nu-ni,1
u,u₂,ad-da-bu-ub-u₂-ni,1
u,u₂,am-mi₃-u₂,1
u,u₂,du-u₂-lu,1
u,u₂,e-lu-u₂-ni,1
u,u₂,e-ru-bu-u₂-ni,1
u,u₂,er-bi-u₂,1
u,u₂,gab-ru-u₂,1
u,u₂,har-du-u₂-te,1
u,u₂,i-da-nu-ni-ša₂-nu-u₂,1
u,u₂,i-hu-ur-u₂-ni,1
u,u₂,i-la-ʾu-u₂-ni,1
u,u₂,i-li-ku-u₂-ni,1
u,u₂,i-ma-qa-tu-u₂-ni,1
u,u₂,i-mut-tu-u₂,1
u,u₂,i-ru-u₂-bu,1
u,u₂,i-tu₂-ṣi-u₂,1
u,u₂,i-ša₂-mi-u₂,1
u,u₂,id-du-u₂-a,1
u,u₂,ih-ha-ru-u₂-ni,1
u,u₂,in-ṭi₂-u₂,1
u,u₂,ip-ti-u₂-ni,1
u,u₂,iq-ṭi-bi-u₂,1
u,u₂,iq-ṭi₂-bi-u₂,1
u,u₂,it-bi-u₂,1
u,u₂,it-taq-qa-nu-u₂,1
u,u₂,iš-al-u₂-ni,1
u,u₂,iš-me-u₂,1
u,u₂,iš-mu-u₂-ni,1
u,u₂,ka-ri-in-tu-u₂,1
u,u₂,ku-ri-u₂,1
u,u₂,ku-u₂-nu,1
u,u₂,li-id-di-nu-u₂-ni,1
u,u₂,li-ir-u₂-ba-šu-nu,1
u,u₂,liq-bi-u₂,1
u,u₂,liš-ši-u₂,1
u,u₂,lu-bi-lu-u₂-ni-šu-nu,1
u,u₂,lu-pa-ti-u₂,1
u,u₂,lu-ra-me-u₂,1
u,u₂,lu-u₂-še-še-ru-ni,1
u,u₂,lu-še-bi-la-aš₂-šu₂-u₂,1
u,u₂,lu-še-bil-u₂-ni,1
u,u₂,mu-bu-u₂,1
u,u₂,na-šu-u₂,1
u,u₂,na-ṣu-u₂-ni,1
u,u₂,nu-u₂-na-aš₂-šiq,1
u,u₂,ra-qu-u₂-ni,1
u,u₂,ta-ad-bu-ka-šu-nu-u₂,1
u,u₂,ta-ad-bu-u₂-bu,1
u,u₂,ta-bi-u₂,1
u,u₂,ta-hu-u₂-me,1
u,u₂,ta-ʾu-u₂-ma-a-te,1
u,u₂,taš-pur-u₂-ni,1
u,u₂,tu-u₂-da,1
u,u₂,tu-u₂-ra,1
u,u₂,tu₂-u₂-ki-iš,1
u,u₂,uk-ta-šid-du-u₂-šu₂,1
u,u₂,ur-tam-me-u₂,1
u,u₂,uṣ-ṣab-bit-u₂-ni,1
u,u₂,u₂-ba-a-li,1
u,u₂,u₂-ba-ia,1
u,u₂,u₂-ba-la-ka,1
u,u₂,u₂-ba-lu-ni,1
u,u₂,u₂-ba-qi-du-ni,1
u,u₂,u₂-ba-u-ni,1
u,u₂,u₂-ba-x,1
u,u₂,u₂-bal,1
u,u₂,u₂-bal-la-ṭa-an-ni,1
u,u₂,u₂-bal-u-ni,1
u,u₂,u₂-bi-lu-ni,1
u,u₂,u₂-bi-lu-šu₂-u-ni,1
u,u₂,u₂-da-ia,1
u,u₂,u₂-da-mu-qu,1
u,u₂,u₂-de-e,1
u,u₂,u₂-de-e-ša₂,1
u,u₂,u₂-de-e-šu,1
u,u₂,u₂-de-e-šu₂,1
u,u₂,u₂-di,1
u,u₂,u₂-di-na,1
u,u₂,u₂-di-šu₂,1
u,u₂,u₂-di-šu₂-nu,1
u,u₂,u₂-du,1
u,u₂,u₂-du-ni,1
u,u₂,u₂-ga-am-mar,1
u,u₂,u₂-gam-ma-ru-u-ni,1
u,u₂,u₂-gam-me-ru,1
u,u₂,u₂-ka-la-ma,1
u,u₂,u₂-ka-la-mu-ša₂-nu-ni,1
u,u₂,u₂-ka-na,1
u,u₂,u₂-ka-x,1
u,u₂,u₂-kab-bu-su,1
u,u₂,u₂-kal,1
u,u₂,u₂-kal-lim-na-ši,1
u,u₂,u₂-kaš-ša₂-du-na-ši,1
u,u₂,u₂-ma,1
u,u₂,u₂-ma-ma-ni,1
u,u₂,u₂-na-ad,1
u,u₂,u₂-na-ka-ar₂-u-ni,1
u,u₂,u₂-nam-maš-u-ni,1
u,u₂,u₂-pa-hi-ir-u-ni,1
u,u₂,u₂-pa-hu,1
u,u₂,u₂-pa-hu-šu₂-nu,1
u,u₂,u₂-pat-ti-šu,1
u,u₂,u₂-pat-x+x,1
u,u₂,u₂-pu-šu,1
u,u₂,u₂-qar-ra-ba,1
u,u₂,u₂-qar-rab,1
u,u₂,u₂-qar-x,1
u,u₂,u₂-ra-a-mu-an-ni-i,1
u,u₂,u₂-ra-am-me,1
u,u₂,u₂-ra-am-me-u₂,1
u,u₂,u₂-ra-mu-na-ši,1
u,u₂,u₂-ra-mu-u,1
u,u₂,u₂-ra-mu-u-x,1
u,u₂,u₂-ra-si,1
u,u₂,u₂-ra-te,1
u,u₂,u₂-ri,1
u,u₂,u₂-sa-ah-li-qu,1
u,u₂,u₂-sa-ap-ti-u-ni,1
u,u₂,u₂-sa-ar-ki-pi,1
u,u₂,u₂-sa-aṣ-bit,1
u,u₂,u₂-sa-bi-is-su,1
u,u₂,u₂-sa-di-ru,1
u,u₂,u₂-sa-ga-li-ia,1
u,u₂,u₂-sa-ga-li-uš,1
u,u₂,u₂-sa-hi-ru,1
u,u₂,u₂-sa-lim-me,1
u,u₂,u₂-sa-ne₂-taq-a-ni,1
u,u₂,u₂-sa-ta-pu-lu,1
u,u₂,u₂-sa-ṣa-bit,1
u,u₂,u₂-sa-ṣa-bit-ma,1
u,u₂,u₂-se-bi-la-šu₂,1
u,u₂,u₂-se-bi-lak-ka,1
u,u₂,u₂-se-bi-li,1
u,u₂,u₂-se-bir,1
u,u₂,u₂-se-li-a,1
u,u₂,u₂-se-li-šu₂-nu,1
u,u₂,u₂-se-ri-bu,1
u,u₂,u₂-se-ri-da,1
u,u₂,u₂-se-ši-bi,1
u,u₂,u₂-se-šib-šu₂,1
u,u₂,u₂-suh,1
u,u₂,u₂-ta-am-me-ka,1
u,u₂,u₂-ta-me-di,1
u,u₂,u₂-ta-ni-šu₂-u-ni,1
u,u₂,u₂-ta-ra,1
u,u₂,u₂-ta-ru,1
u,u₂,u₂-ta-ru-šu₂-nu,1
u,u₂,u₂-ta-x,1
u,u₂,u₂-tar,1
u,u₂,u₂-te-re,1
u,u₂,u₂-tur-a,1
u,u₂,u₂-x-ki,1
u,u₂,u₂-za-ku-ni,1
u,u₂,u₂-za-ta-ki,1
u,u₂,u₂-ša-ad-bi-bu-šu₂,1
u,u₂,u₂-ša-aš₂-mu-u,1
u,u₂,u₂-šak-ša₂-du-ni,1
u,u₂,u₂-šal-lu-mu,1
u,u₂,u₂-šam-ṣa,1
u,u₂,u₂-šat-pi-u₂,1
u,u₂,u₂-ša₂-ad,1
u,u₂,u₂-ša₂-am-ṣi,1
u,u₂,u₂-ša₂-an-x,1
u,u₂,u₂-ša₂-aš₂-kan-šu₂-nu,1
u,u₂,u₂-ša₂-gal-na-ši-ni,1
u,u₂,u₂-ša₂-ra-qu,1
u,u₂,u₂-ša₂-ra-qu-ma,1
u,u₂,u₂-še-bal,1
u,u₂,u₂-še-bi-il-an-ni,1
u,u₂,u₂-še-bi-lu-u-ni,1
u,u₂,u₂-še-ra-ba,1
u,u₂,u₂-še-ri-ib-šu₂-nu,1
u,u₂,u₂-še-rib-u-ni,1
u,u₂,u₂-še-ru-bu,1
u,u₂,u₂-še-ta-qu-u₂-ni,1
u,u₂,u₂-še-x,1
u,u₂,u₂-še-šab-šu₂,1
u,u₂,u₂-še-ṣa-an-ni,1
u,u₂,u₂-še-ṣa-an-ni-ni,1
u,u₂,u₂-še-ṣu-ni,1
u,u₂,u₂-šib-u-ni,1
u,u₂,u₂-šu-bu,1
u,u₂,u₂-ṣa-a,1
u,u₂,u₂-ṣa-a-šu₂,1
u,u₂,u₂-ṣa-bat,1
u,u₂,u₂-ṣa-bi-it,1
u,u₂,u₂-ṣa-x,1
u,u₂,u₂-ṣi-a,1
u,u₂,u₂-ṣu,1
u,u₂,u₂-ṭa-a-bu,1
u,u₂,u₂-ṭa-bu-hu,1
u,u₂,x+x-u₂-ni,1
u,u₂,x-lu-u₂,1
u,u₂,x-u₂,1
u,u₂,x-u₂-la,1
u,u₂,x-u₂-te,1
u,u₂,{1}u₂-ri-ik,1
u,u₂,{1}x+x-u₂-ri,1
u,u₂,{1}{d}PA-u₂-ṣal-la,1
u,u₂,{1}{d}UTU-u₂-pa-hir₂,1
u,u₂,{ANŠE}u₂-rat,1
u,u₂,{ANŠE}u₂-rat-MEŠ,1
u,u₂,{ANŠE}u₂-re-e,1
u,u₂,{ID₂}ma-li-a-su-u₂,1
u,u₂,{KUR}ia-u₂-da-a.a,1
u,u₂,{KUR}ia-u₂-du-a.a,1
u,u₂,{KUR}u₂-a-za-un,1
u,u₂,{KUR}u₂-du-mu-a.a,1
u,u₂,{LU₂}02-u₂-te,1
u,u₂,{LU₂}NAM-u₂-te,1
u,u₂,{LU₂}NAM-u₂-tu,1
u,u₂,{LU₂}pa-ha-tu-u₂-tu₂,1
u,u₂,{LU₂}ur-du-u₂,1
u,u₂,{UDU}da-ri-u₂,1
u,u₂,{URU}DU₆-tu-u₂-ri,1
u,u₂,{URU}E₂-{1}u₂-ka-a-ni,1
u,u₂,{URU}mar-u₂-bi-si,1
u,u₂,{URU}u₂-a-si,1
u,u₂,{URU}u₂-e-si,1
u,u₂,{URU}u₂-ra-mu,1
u,u₂,{URU}x+x-ri-u₂-ni,1
u,u₂,šu₂-nu-u₂-ma,1
u,u₂,ṣab-bu-ta-tu-u₂-ni,1
u,u₃,u₃,74
ša,ša,ša,784
ša,ša,ra-ma-ki-ša-KA,3
ša,ša,ep-ša,2
ša,ša,ša-ni-u₂,2
ša,ša,ep-ša-at,1
ša,ša,i-ša-ak-ka-an,1
ša,ša,i-ša-ṭu-ru,1
ša,ša,nu-ša-ra-qa,1
ša,ša,ta-ša-kan-an-ni,1
ša,ša,u₂-ša-ad-bi-bu-šu₂,1
ša,ša,u₂-ša-aš₂-mu-u,1
ša,ša,{1}ša-uš-ka-x,1
ša,ša,{ANŠE}ša-BAD-HAL-la-ti,1
ša,ša,{LU₂}ša-BAD-HAL-MEŠ,1
ša,ša,{LU₂}ša-EN.NUN,1
ša,ša,{LU₂}ša-UGU-URU,1
ša,ša,{LU₂}ša-pa-an-E₂.GAL,1
ša,ša,{URU}ša-bi-ri-šu₂,1
ša,ša,ša-al,1
ša,ša,ša-al-mu,1
ša,ša,ša-al-ši-UD-me,1
ša,ša,ša-am-ri-su,1
ša,ša,ša-am-ru-uṣ,1
ša,ša,ša-ka-ni,1
ša,ša,ša-li-in-te,1
ša,ša,ša-lim-ti,1
ša,ša,ša-lim-tu,1
ša,ša,ša-lu-še-ni,1
ša,ša,ša-ra-ni,1
ša,ša,ša-za-bu-sa-te,1
ša,ša,ša-za-bu-su,1
ša,ša,ša-ʾa-al,1
ša,ša,ša-ṭi-ru-ni,1
ša,ša₂,ša₂,22
ša,ša₂,{LU₂}ša₂-IGI-E₂.GAL,6
ša,ša₂,E₂-{d}IM-ša₂-zu-un-ni,4
ša,ša₂,a-ša₂-pa-ra,3
ša,ša₂,{LU₂}ša₂-UGU-URU,3
ša,ša₂,{d}ša₂-maš,3
ša,ša₂,ep-ša₂,2
ša,ša₂,ha-an-ni-ša₂,2
ša,ša₂,i-ša₂-šu-me,2
ša,ša₂,lu-ša₂-bi-ša₂,2
ša,ša₂,tu-nam-ma-ša₂,2
ša,ša₂,{GIŠ}ši-ib-ša₂-te,2
ša,ša₂,{LU₂}ša₂-IGI-KUR,2
ša,ša₂,ša₂-ṭi-ir,2
ša,ša₂,EN.NUN-ša₂,1
ša,ša₂,URU-ša₂-{LU₂}DAM.QAR,1
ša,ša₂,a-ni-ša₂,1
ša,ša₂,a-ša₂-kan,1
ša,ša₂,a-ša₂-pa-ar,1
ša,ša₂,a-ša₂-pa-ra-ka,1
ša,ša₂,a-šur-u₂-ša₂-nu-ni,1
ša,ša₂,ak-ta-ša₂-da,1
ša,ša₂,an-ni-ša₂,1
ša,ša₂,e-pa-a-ša₂,1
ša,ša₂,e-ta-ap-ša₂-ni-ma,1
ša,ša₂,ep-ša₂-a-ni,1
ša,ša₂,i-da-nu-ni-ša₂-nu-u₂,1
ša,ša₂,i-si-ša₂,1
ša,ša₂,i-ša₂-a-tu₂,1
ša,ša₂,i-ša₂-hu-ṭu,1
ša,ša₂,i-ša₂-kan,1
ša,ša₂,i-ša₂-kan-u-ni,1
ša,ša₂,i-ša₂-ku-nu,1
ša,ša₂,i-ša₂-ku-nu-šu₂,1
ša,ša₂,i-ša₂-kun-šu₂,1
ša,ša₂,i-ša₂-me-u,1
ša,ša₂,i-ša₂-mi,1
ša,ša₂,i-ša₂-mi-u₂,1
ša,ša₂,i-ša₂-mu-ni,1
ša,ša₂,i-ša₂-mu-u-ni,1
ša,ša₂,i-ša₂-pa-ra,1
ša,ša₂,i-ša₂-par-u-ni,1
ša,ša₂,iš-ša₂-me,1
ša,ša₂,lu-ša₂-an-di-lu,1
ša,ša₂,lu-ša₂-aš₂-me,1
ša,ša₂,lu-ša₂-bal-ki-ta,1
ša,ša₂,lu-ša₂-bal-ki-tu-šu,1
ša,ša₂,lu-ša₂-ki-lu,1
ša,ša₂,lu-ša₂-ṣa-bi-ti,1
ša,ša₂,ma-ša₂-sa-te,1
ša,ša₂,nam-me-ša₂,1
ša,ša₂,nap-ša₂-ka,1
ša,ša₂,ni-ša₂-kan-šu₂-nu,1
ša,ša₂,ni-ša₂-me,1
ša,ša₂,ni-ša₂-par-ka,1
ša,ša₂,nu-u-ša₂-bal-kat₃-šu₂,1
ša,ša₂,nu-ut-ta-am-me-ša₂,1
ša,ša₂,nu-ša₂-aš₂-kin₂-u-ni,1
ša,ša₂,te-ta-ap-ša₂,1
ša,ša₂,tu-ša₂-aš₂-kan-šu₂-nu,1
ša,ša₂,tu-ša₂-aṣ-bat,1
ša,ša₂,tu₂-ša₂-kal,1
ša,ša₂,u₂-de-e-ša₂,1
ša,ša₂,u₂-ka-la-mu-ša₂-nu-ni,1
ša,ša₂,u₂-šak-ša₂-du-ni,1
ša,ša₂,u₂-ša₂-ad,1
ša,ša₂,u₂-ša₂-am-ṣi,1
ša,ša₂,u₂-ša₂-an-x,1
ša,ša₂,u₂-ša₂-an-ṣa,1
ša,ša₂,u₂-ša₂-aš₂-kan-šu₂-nu,1
ša,ša₂,u₂-ša₂-gal-na-ši-ni,1
ša,ša₂,u₂-ša₂-ra-qu,1
ša,ša₂,u₂-ša₂-ra-qu-ma,1
ša,ša₂,x+x-ša₂-ma,1
ša,ša₂,{1}a-ša₂-pi,1
ša,ša₂,{LU₂}ša₂-BAD-HAL-a-te,1
ša,ša₂,{LU₂}ša₂-E₂-02-u-te,1
ša,ša₂,{LU₂}ša₂-GIR₃.2,1
ša,ša₂,{LU₂}ša₂-UGU-E₂,1
ša,ša₂,{LU₂}ša₂-UGU-E₂-a-ni,1
ša,ša₂,{LU₂}ša₂-kan-šu₂-nu,1
ša,ša₂,{LU₂}ša₂-ki-ru-tu₂,1
ša,ša₂,{LU₂}ša₂-sa-ga-te-šu₂,1
ša,ša₂,{LU₂}ša₂-ziq-ni,1
ša,ša₂,{MI₂}NIN-AD-ša₂,1
ša,ša₂,{URU}ša₂-bi-ri-šu₂,1
ša,ša₂,ŠA₃-bi-ša₂,1
ša,ša₂,ša₂-a-šu₂,1
ša,ša₂,ša₂-ak-na-ku,1
ša,ša₂,ša₂-ak-nu,1
ša,ša₂,ša₂-az-bu-su,1
ša,ša₂,ša₂-aš₂-me,1
ša,ša₂,ša₂-ki-ni,1
ša,ša₂,ša₂-ki-x,1
ša,ša₂,ša₂-kin₂,1
ša,ša₂,ša₂-lim-te,1
ša,ša₂,ša₂-ni-e,1
ša,ša₂,ša₂-ni-tu₂,1
ša,ša₂,ša₂-šu-me,1
ša,ša₂,ša₂-šu₂-ma,1
ša,ša₂,ša₂-ʾa-al,1
ša,ša₂,ša₂-ʾu-ur-tu₂,1
šu,šu,šu-u₂,22
šu,šu,šu-nu,15
šu,šu,šu-u-tu₂,9
šu,šu,šu-pur,5
šu,šu,la-aš₂-šu,4
šu,šu,šu-u,4
šu,šu,šu,3
šu,šu,šu-u₂-tu₂,3
šu,šu,E₂-šu,2
šu,šu,e-mu-qe-e-šu,2
šu,šu,e-pu-šu,2
šu,šu,ep-pu-šu,2
šu,šu,i-da-tu-šu,2
šu,šu,i-da-tu₂-uš-šu,2
šu,šu,i-si-šu-nu,2
šu,šu,i-ša₂-šu-me,2
šu,šu,la-a-šu,2
šu,šu,le-pu-šu,2
šu,šu,liš-al-šu,2
šu,šu,pa-ni-šu,2
šu,šu,šu-nu-ni,2
šu,šu,šu-nu-u-ni,2
šu,šu,šu-tu-ni,2
šu,šu,šu-tu₂,2
šu,šu,šu-tu₂-u-ni,2
šu,šu,šu-uh,2
šu,šu,šu-x,2
šu,šu,šu-x+x,2
šu,šu,šu-ṭur,2
šu,šu,ERIM-MEŠ-šu-nu,1
šu,šu,EŠ₂.QAR-šu,1
šu,šu,IGI.2-MEŠ-šu,1
šu,šu,KI.TA-šu,1
šu,šu,KUR-šu,1
šu,šu,UGU-hi-šu,1
šu,šu,URU-šu,1
šu,šu,a-lak-šu-u₂,1
šu,šu,a-sa-al-šu,1
šu,šu,a-sa-ka-an-šu-nu,1
šu,šu,a-sa-ʾa-al-šu,1
šu,šu,ap-ti-qid-šu-nu,1
šu,šu,aq-ṭi-ba-aš₂-šu,1
šu,šu,at-ti-di-in-šu,1
šu,šu,dib-bi-šu,1
šu,šu,e-mu-ru-šu,1
šu,šu,e-pa-šu-u-ni,1
šu,šu,e-ta-an-šu,1
šu,šu,e-tap-šu,1
šu,šu,er-ri-šu,1
šu,šu,gab-bi-šu,1
šu,šu,i-ma-ha-ru-šu-nu,1
šu,šu,i-na-šu-ru,1
šu,šu,i-ti-ši-šu,1
šu,šu,i-šu-nu-u,1
šu,šu,ik-šu-da,1
šu,šu,ik-šu-ud,1
šu,šu,is-si-šu,1
šu,šu,it-tan-nu-niš-šu-nu,1
šu,šu,iš-šu-u-ni,1
šu,šu,ku-zip-pi-šu,1
šu,šu,la-a-šu-u,1
šu,šu,la-šu-u-ma,1
šu,šu,li-ir-u₂-ba-šu-nu,1
šu,šu,lu-bi-lu-na-šu-nu,1
šu,šu,lu-bi-lu-u₂-ni-šu-nu,1
šu,šu,lu-ra-mi-šu-nu,1
šu,šu,lu-ša₂-bal-ki-tu-šu,1
šu,šu,ma-ṣar-te-šu,1
šu,šu,mu-hur-šu,1
šu,šu,na-šu-u₂,1
šu,šu,ni-ik-šu-du,1
šu,šu,pa-ni-šu-nu,1
šu,šu,pi-i-šu,1
šu,šu,pi-il-ka-šu-nu,1
šu,šu,qa-bu-ni-šu-u-ni,1
šu,šu,qar-ba-te-šu,1
šu,šu,ra-me-ni-šu,1
šu,šu,ta-ad-bu-ka-šu-nu-u₂,1
šu,šu,ta-da-šu-nu,1
šu,šu,ta-ra-a-mu-šu-u-ni,1
šu,šu,ta-ra-an-šu,1
šu,šu,taq-ba-aš₂-šu,1
šu,šu,tu-up-ta-ti-šu,1
šu,šu,tu-us-se-ši-ib-šu,1
šu,šu,us-se-bi-la-aš₂-šu,1
šu,šu,us-se-ri-du-ni-eš-šu,1
šu,šu,u₂-de-e-šu,1
šu,šu,u₂-pat-ti-šu,1
šu,šu,u₂-pu-šu,1
šu,šu,u₂-ša₂-kal-šu-nu,1
šu,šu,u₂-šu-bu,1
šu,šu,x+x-šu-nu,1
šu,šu,x-šu-nu,1
šu,šu,{1}šu-zu-bu,1
šu,šu,{d}šu-ri-in-ni,1
šu,šu,{ŠE}kur-diš-šu,1
šu,šu,ŠA₃-bi-šu,1
šu,šu,ŠEŠ-šu,1
šu,šu,ša₂-šu-me,1
šu,šu,še-šu-bi,1
šu,šu,šu-kun,1
šu,šu,šu-me-li,1
šu,šu,šu-na-a.a,1
šu,šu,šu-tu₂-ma,1
šu,šu,šu-tu₂-ni,1
šu,šu,šu-tu₂-u-ma,1
šu,šu,šu-u-tu,1
šu,šu,šu-up-ru,1
šu,šu,šu-ṭur-ra,1
šu,šu,šub-ti-šu,1
šu,šu,ṭe₃-šu-nu,1
šu,šu,ṭup-pi-šu,1
šum,šum,šum-ma,9
šum,šum₂,šum₂-mu,30
šum,šum₂,šum₂-ma,17
šum,šum₂,{1}10-šum₂-ki,1
šu,šu₂,DUMU-ŠEŠ-AD-šu₂,12
šu,šu₂,i-si-šu₂-nu,11
šu,šu₂,ŠA₃-bi-šu₂-nu,11
šu,šu₂,la-aš₂-šu₂,10
šu,šu₂,šu₂-u,10
šu,šu₂,UGU-hi-šu₂-nu,9
šu,šu₂,la-a-šu₂,8
šu,šu₂,šu₂-nu,8
šu,šu₂,pa-ni-šu₂-nu,6
šu,šu₂,x-šu₂-nu,6
šu,šu₂,UGU-hi-šu₂,5
šu,šu₂,UN-MEŠ-šu₂,5
šu,šu₂,dul-la-šu₂-nu,5
šu,šu₂,e-tap-šu₂,5
šu,šu₂,x+x-šu₂,5
šu,šu₂,DUMU-ŠEŠ-šu₂,4
šu,šu₂,E₂-AD-šu₂,4
šu,šu₂,E₂-EN-MEŠ-šu₂,4
šu,šu₂,E₂-šu₂,4
šu,šu₂,IGI-šu₂,4
šu,šu₂,PAB-šu₂,4
šu,šu₂,i-si-šu₂,4
šu,šu₂,{LU₂}A-KIN-šu₂,4
šu,šu₂,šu₂,4
šu,šu₂,02-šu₂,3
šu,šu₂,AD-šu₂,3
šu,šu₂,DUMU-šu₂,3
šu,šu₂,KUR-šu₂,3
šu,šu₂,a-sa-al-šu₂,3
šu,šu₂,a-sa-ʾa-al-šu₂,3
šu,šu₂,e-pu-šu₂,3
šu,šu₂,i-se-e-šu₂,3
šu,šu₂,la-šu₂,3
šu,šu₂,le-pu-šu₂,3
šu,šu₂,{LU₂}ARAD-MEŠ-šu₂,3
šu,šu₂,{LU₂}e-mu-qi-šu₂-nu,3
šu,šu₂,ARAD-MEŠ-šu₂,2
šu,šu₂,EN-ha-bu-li-šu₂-nu,2
šu,šu₂,EN-ṣa-si-šu₂-nu,2
šu,šu₂,E₂-MEŠ-šu₂-nu,2
šu,šu₂,E₂-ub-re-e-šu₂,2
šu,šu₂,GIR₃.2-šu₂-nu,2
šu,šu₂,IGI-šu₂-nu,2
šu,šu₂,IGI.2-šu₂,2
šu,šu₂,a-sa-kan-šu₂,2
šu,šu₂,be-li₂-šu₂,2
šu,šu₂,bir-tu-šu₂-nu,2
šu,šu₂,gab-bi-šu₂-nu,2
šu,šu₂,is-se-e-šu₂,2
šu,šu₂,is-si-šu₂,2
šu,šu₂,is-si-šu₂-nu,2
šu,šu₂,ku-mu-šu₂,2
šu,šu₂,lib-bu-šu₂,2
šu,šu₂,liš-al-šu₂-nu,2
šu,šu₂,lu-še-šib-šu₂-nu,2
šu,šu₂,na-ṣu-ni-šu₂,2
šu,šu₂,pa-ni-šu₂,2
šu,šu₂,pi-i-šu₂,2
šu,šu₂,pil₂-ki-šu₂,2
šu,šu₂,pil₂-ku-šu₂,2
šu,šu₂,ra-me-ni-šu₂-nu,2
šu,šu₂,re-e-šu₂,2
šu,šu₂,u₂-se-bi-la-šu₂-nu,2
šu,šu₂,u₂-ṣe-šu₂,2
šu,šu₂,x+x-šu₂-nu,2
šu,šu₂,{LU₂}ARAD-šu₂,2
šu,šu₂,{LU₂}DUMU-šu₂,2
šu,šu₂,{LU₂}GAL-MEŠ-šu₂,2
šu,šu₂,{LU₂}e-mu-qe-e-šu₂,2
šu,šu₂,{LU₂}ma-za-az-pa-ni-šu₂,2
šu,šu₂,{LU₂}tur-ta-nu-šu₂,2
šu,šu₂,ŠEŠ-MEŠ-šu₂,2
šu,šu₂,ŠEŠ-šu₂,2
šu,šu₂,ŠU.2-šu₂-nu,2
šu,šu₂,šub-ti-šu₂,2
šu,šu₂,03-ši-UD-me-šu₂,1
šu,šu₂,03-šu₂,1
šu,šu₂,04-šu₂,1
šu,šu₂,A-MEŠ-šu₂-nu,1
šu,šu₂,AN.BAR-e-šu₂,1
šu,šu₂,ARAD-MEŠ-ni-šu₂,1
šu,šu₂,ARAD-šu₂,1
šu,šu₂,A₂-šu₂,1
šu,šu₂,A₂.2-šu₂-nu,1
šu,šu₂,BAD₃-šu₂,1
šu,šu₂,DINGIR-MEŠ-ni-šu₂,1
šu,šu₂,DUG₃.GA-šu₂,1
šu,šu₂,DUMU-MEŠ-šu₂,1
šu,šu₂,DUMU-MEŠ-šu₂-nu,1
šu,šu₂,DUMU.MI₂-MEŠ-šu₂,1
šu,šu₂,DUMU.MI₂-MEŠ-šu₂-nu,1
šu,šu₂,EME-šu₂,1
šu,šu₂,ERIM-MEŠ-šu₂,1
šu,šu₂,E₂.KUR-ra-ti-šu₂-nu,1
šu,šu₂,GID₂.DA-šu₂,1
šu,šu₂,GIR₃-šu₂-nu,1
šu,šu₂,GIR₃.2-MEŠ-šu₂-nu,1
šu,šu₂,IGI-tu-šu₂-nu,1
šu,šu₂,IGI.2-MEŠ-šu₂,1
šu,šu₂,KASKAL.2-šu₂-nu,1
šu,šu₂,KI-šu₂,1
šu,šu₂,KI.TA-uš-šu₂,1
šu,šu₂,MI₂-šu₂,1
šu,šu₂,MU-MEŠ-šu₂-nu,1
šu,šu₂,MU-šu₂,1
šu,šu₂,NUMUN-šu₂,1
šu,šu₂,PAB-MEŠ-šu₂,1
šu,šu₂,UD-me-šu₂,1
šu,šu₂,UD-me-šu₂-nu,1
šu,šu₂,UGU-hi-šu₂-ma,1
šu,šu₂,UGU-šu₂-nu,1
šu,šu₂,UN-MEŠ-šu₂-ni,1
šu,šu₂,UN-MEŠ-šu₂-nu,1
šu,šu₂,URU-ME-šu₂-nu,1
šu,šu₂,URU-šu₂,1
šu,šu₂,ZI-MEŠ-šu₂,1
šu,šu₂,ZI-šu₂,1
šu,šu₂,a-da-na-aš₂-šu₂,1
šu,šu₂,a-ka-li-šu₂,1
šu,šu₂,a-qa-ba-šu₂,1
šu,šu₂,a-sa-al-šu₂-nu,1
šu,šu₂,a-sa-par-šu₂-nu,1
šu,šu₂,a-ta-na-aš₂-šu₂-nu,1
šu,šu₂,a-ta-na-šu₂,1
šu,šu₂,a-šap-pa-raš-šu₂-nu,1
šu,šu₂,a-šir-ta-šu₂-nu,1
šu,šu₂,am-ti-šu₂,1
šu,šu₂,aq-ṭi-ba-šu₂,1
šu,šu₂,aq-ṭi₂-ba-aš₂-šu₂,1
šu,šu₂,aq-ṭi₂-ba-šu₂,1
šu,šu₂,at-ta-sa-ah-šu₂,1
šu,šu₂,bat-qi-šu₂-nu,1
šu,šu₂,bat-te-šu₂,1
šu,šu₂,be-li₂-šu₂-nu,1
šu,šu₂,be₂-ta-a-ti-šu₂-nu,1
šu,šu₂,da-ak-ki-šu₂-nu,1
šu,šu₂,di-na-aš₂-šu₂,1
šu,šu₂,di-na-aš₂-šu₂-nu,1
šu,šu₂,dul-la-te-šu₂,1
šu,šu₂,du₆-lu-šu₂,1
šu,šu₂,e-gir₂-tu₂-šu₂,1
šu,šu₂,e-me-šu₂,1
šu,šu₂,e-mu-qa-šu₂,1
šu,šu₂,e-mu-qa-šu₂-u-ni,1
šu,šu₂,e-mu-qe-e-šu₂,1
šu,šu₂,e-pa-šu₂-ni,1
šu,šu₂,e-pa-šu₂-u-ni,1
šu,šu₂,e-pi-šu₂,1
šu,šu₂,e-pi-šu₂-te,1
šu,šu₂,e-pu-uš-šu₂,1
šu,šu₂,e-pu-šu₂-ni,1
šu,šu₂,e-ru-šu₂,1
šu,šu₂,ep-pa-šu₂-u-ni,1
šu,šu₂,gab-bi-šu₂,1
šu,šu₂,ha-ru-ur-ti-šu₂,1
šu,šu₂,i-ba-aš₂-šu₂-u-ni,1
šu,šu₂,i-pa-šu₂-u-ni,1
šu,šu₂,i-pu-gu-šu₂-ni,1
šu,šu₂,i-qa-bu-ni-šu₂,1
šu,šu₂,i-qa-bu-ni-šu₂-nu,1
šu,šu₂,i-qab-bu-ni-šu₂,1
šu,šu₂,i-sa-aʾ-lu-šu₂,1
šu,šu₂,i-si-ru-šu₂,1
šu,šu₂,i-si-šu₂-ma,1
šu,šu₂,i-ta-na-šu₂-nu,1
šu,šu₂,i-ša₂-ku-nu-šu₂,1
šu,šu₂,i-ša₂-kun-šu₂,1
šu,šu₂,id-du-ak-šu₂,1
šu,šu₂,ip-ta-ṭar-šu₂,1
šu,šu₂,iq-ṭi₂-ba-šu₂,1
šu,šu₂,ir-ti-šu₂-nu,1
šu,šu₂,ir-tu-gu-mu-ni-šu₂,1
šu,šu₂,is-sa-aʾ-lu-šu₂,1
šu,šu₂,iš-QAR-šu₂-nu,1
šu,šu₂,iṣ-ṣab-tu-ni-šu₂,1
šu,šu₂,kal-zi-šu₂,1
šu,šu₂,kan-nu-šu₂,1
šu,šu₂,kir-ka-niš-šu₂,1
šu,šu₂,ku-mu-uš-šu₂,1
šu,šu₂,la-a-aš₂-šu₂,1
šu,šu₂,la-a-di-na-šu₂,1
šu,šu₂,la-aš₂-šu₂-u-ni,1
šu,šu₂,li-di-na-aš₂-šu₂-nu,1
šu,šu₂,li-di-na-šu₂-nu,1
šu,šu₂,li-in-tu-ha-aš₂-šu₂,1
šu,šu₂,liš-al-šu₂,1
šu,šu₂,lu-bi-la-šu₂-nu,1
šu,šu₂,lu-bi-lu-ni-šu₂,1
šu,šu₂,lu-še-bi-la-aš₂-šu₂-u₂,1
šu,šu₂,lu-še-bil₂-šu₂,1
šu,šu₂,lu-še-ṣa-šu₂-nu,1
šu,šu₂,lu-še-ṣi-šu₂-nu,1
šu,šu₂,ma-da-na-te-šu₂-nu,1
šu,šu₂,ma-da-tu₂-šu₂-nu,1
šu,šu₂,ma-dak-tu₂-šu₂,1
šu,šu₂,ma-za-su-šu₂-nu,1
šu,šu₂,ma-ṣar-ta-šu₂-nu,1
šu,šu₂,ma-ṣar-ti-šu₂,1
šu,šu₂,mam₂-ma-MEŠ-šu₂-nu,1
šu,šu₂,me-li-šu₂,1
šu,šu₂,meš-lu-šu₂-nu,1
šu,šu₂,mi-ik-si-šu₂-nu,1
šu,šu₂,mu-šu₂,1
šu,šu₂,na-ṣa-aš₂-šu₂-nu,1
šu,šu₂,na-ṣu-niš-šu₂,1
šu,šu₂,ni-ša₂-kan-šu₂-nu,1
šu,šu₂,nu-u-ša₂-bal-kat₃-šu₂,1
šu,šu₂,pa-da-ka-a-ti-šu₂-nu,1
šu,šu₂,pa-gar-šu₂,1
šu,šu₂,pa-na-tu-uš-šu₂,1
šu,šu₂,pi-il-ki-šu₂-nu,1
šu,šu₂,pi-šu₂,1
šu,šu₂,pil₂-il-ki-šu₂-nu,1
šu,šu₂,qa-an-šu₂,1
šu,šu₂,qa-ba-šu₂-nu-u-ni,1
šu,šu₂,qa-ta-a-šu₂,1
šu,šu₂,qa-ti-šu₂,1
šu,šu₂,qi-ba-aš₂-šu₂,1
šu,šu₂,ra-ma-an-šu₂,1
šu,šu₂,ra-qu-te-e-šu₂,1
šu,šu₂,ram-ni-šu₂,1
šu,šu₂,re-ši-šu₂-nu,1
šu,šu₂,ta-bu-uk-šu₂-nu,1
šu,šu₂,ta-šam-a-ni-šu₂,1
šu,šu₂,tak-ta-ra-ar-šu₂,1
šu,šu₂,tu-ma-za-aʾ-šu₂-nu,1
šu,šu₂,tu-ta-ar-šu₂-nu,1
šu,šu₂,tu-ša₂-aš₂-kan-šu₂-nu,1
šu,šu₂,ub-ba-la-aš₂-šu₂-nu,1
šu,šu₂,uk-ta-šid-du-u₂-šu₂,1
šu,šu₂,up-ta-at-ti-šu₂,1
šu,šu₂,u₂-bi-lu-šu₂-u-ni,1
šu,šu₂,u₂-de-e-šu₂,1
šu,šu₂,u₂-di-šu₂,1
šu,šu₂,u₂-di-šu₂-nu,1
šu,šu₂,u₂-pa-hu-šu₂-nu,1
šu,šu₂,u₂-se-li-šu₂-nu,1
šu,šu₂,u₂-se-šib-šu₂,1
šu,šu₂,u₂-se-šib-šu₂-nu,1
šu,šu₂,u₂-ta-ni-šu₂-u-ni,1
šu,šu₂,u₂-ta-ru-šu₂-nu,1
šu,šu₂,u₂-ša-ad-bi-bu-šu₂,1
šu,šu₂,u₂-ša₂-aš₂-kan-šu₂-nu,1
šu,šu₂,u₂-še-šab-šu₂,1
šu,šu₂,u₂-ṣa-a-šu₂,1
šu,šu₂,u₂-ṣa-bi-tu-šu₂-nu,1
šu,šu₂,x+x-ir-šu₂-nu,1
šu,šu₂,x-li-šu₂-nu,1
šu,šu₂,x-ub-te-šu₂,1
šu,šu₂,ziq-ni-šu₂-nu,1
šu,šu₂,{ANŠE}BAD-HAL-šu₂,1
šu,šu₂,{ANŠE}KUR.RA-MEŠ-šu₂,1
šu,šu₂,{ANŠE}KUR.RA-MEŠ-šu₂-nu,1
šu,šu₂,{GIŠ}UR₃-MEŠ-šu₂,1
šu,šu₂,{KUŠ}E₂.UŠ-MEŠ-šu₂,1
šu,šu₂,{LU₂}ARAD-MEŠ-šu₂-nu,1
šu,šu₂,{LU₂}EN.NAM-MEŠ-te-e-šu₂,1
šu,šu₂,{LU₂}EN.NAM-MEŠ-šu₂,1
šu,šu₂,{LU₂}ERIM-MEŠ-šu₂,1
šu,šu₂,{LU₂}GAR-nu-šu₂,1
šu,šu₂,{LU₂}SAG-šu₂,1
šu,šu₂,{LU₂}TUR-MEŠ-šu₂,1
šu,šu₂,{LU₂}e-mu-qi-šu₂,1
šu,šu₂,{LU₂}ma-di-da-ni-šu₂,1
šu,šu₂,{LU₂}šak-ni-šu₂-nu,1
šu,šu₂,{LU₂}ša₂-kan-šu₂-nu,1
šu,šu₂,{LU₂}ša₂-sa-ga-te-šu₂,1
šu,šu₂,{URU}ŠE-MEŠ-ni-šu₂,1
šu,šu₂,{URU}ša-bi-ri-šu₂,1
šu,šu₂,{URU}ša₂-bi-ri-šu₂,1
šu,šu₂,{URU}šu₂-gur-a.a,1
šu,šu₂,{ŠE}IN.NU-šu₂-o-nu,1
šu,šu₂,{ŠE}NUMUN-MEŠ-šu₂-nu,1
šu,šu₂,{ŠE}PAD-MEŠ-šu₂-nu,1
šu,šu₂,{ŠE}e-bu-ru-šu₂-nu,1
šu,šu₂,ŠA₃-bi-šu₂,1
šu,šu₂,ŠA₃-šu₂-nu,1
šu,šu₂,ŠU.2-šu₂,1
šu,šu₂,ša₂-a-šu₂,1
šu,šu₂,ša₂-šu₂-ma,1
šu,šu₂,še-bi-la-aš₂-šu₂,1
šu,šu₂,še-bi-la-šu₂,1
šu,šu₂,šup-ra-aš₂-šu₂,1
šu,šu₂,šup-ra-šu₂,1
šu,šu₂,šu₂-nu-u₂-ma,1
šu,šu₂,šu₂-tu₂,1
šu,šu₂,ṣa-hi-i-ti-šu₂,1
šu,šu₂,ṭe₂-mi-i-šu₂,1
šu,šu₂,ṭe₃-en-šu₂,1
šu,šu₂,ṭe₃-en-šu₂-ni,1
ṭe,ṭe,ṭe-e-mu,2
ṭe,ṭe,mu-ṭe-e,1
ṭe,ṭe₂,ṭe₂-mi-i-šu₂,1
ṭe,ṭe₃,ṭe₃-e-mu,21
ṭe,ṭe₃,ṭe₃-mu,5
ṭe,ṭe₃,{LU₂}ši-kin₂-ṭe₃-me,2
ṭe,ṭe₃,ṭe₃-e-me,1
ṭe,ṭe₃,ṭe₃-e-mu-ni,1
ṭe,ṭe₃,ṭe₃-en-šu₂,1
ṭe,ṭe₃,ṭe₃-en-šu₂-ni,1
ṭe,ṭe₃,ṭe₃-ma-te,1
ṭe,ṭe₃,ṭe₃-me,1
ṭe,ṭe₃,ṭe₃-šu-nu,1
ṭi,ṭi,iq-ṭi-bu-u-ni,3
ṭi,ṭi,{1}bal-ṭi-iq-bi,2
ṭi,ṭi,ša₂-ṭi-ir,2
ṭi,ṭi,aq-ṭi-ba-aš₂-šu,1
ṭi,ṭi,aq-ṭi-ba-aš₂-šu-nu,1
ṭi,ṭi,aq-ṭi-ba-šu₂,1
ṭi,ṭi,aq-ṭi-bi,1
ṭi,ṭi,hi-iṭ-ṭi,1
ṭi,ṭi,hi-iṭ-ṭi-ia,1
ṭi,ṭi,hi-ṭi-ia,1
ṭi,ṭi,iq-ṭi-bi,1
ṭi,ṭi,iq-ṭi-bi-u₂,1
ṭi,ṭi,iq-ṭi-bu-na-ši,1
ṭi,ṭi,ka-ṭi-ra,1
ṭi,ṭi,lu-ka-ṭi-ru,1
ṭi,ṭi₂,iq-ṭi₂-bi-a,16
ṭi,ṭi₂,aq-ṭi₂-bi,5
ṭi,ṭi₂,iq-ṭi₂-bi,5
ṭi,ṭi₂,iq-ṭi₂-bu-ni,3
ṭi,ṭi₂,iq-ṭi₂-bi-u,2
ṭi,ṭi₂,iq-ṭi₂-bu-u-ni,2
ṭi,ṭi₂,ni-iq-ṭi₂-ri-ib,2
ṭi,ṭi₂,aq-ṭi₂-ba-aš₂-šu₂,1
ṭi,ṭi₂,aq-ṭi₂-ba-šu₂,1
ṭi,ṭi₂,aq-ṭi₂-rib,1
ṭi,ṭi₂,in-ṭi₂-u₂,1
ṭi,ṭi₂,iq-ṭi₂-ba-na-ši,1
ṭi,ṭi₂,ni-iq-ṭi₂-rib,1
ṭi,ṭi₂,pa-ṭi₂-ir,1
ṭi,ṭi₂,un-ta-ṭi₂,1
